09:45:25,+1.25,0
09:45:25,+1.29,0
09:45:25,+1.30,0
09:45:25,+1.25,0
09:45:25,+1.29,0
09:45:25,+1.26,0
09:45:25,+1.31,0
09:45:25,+1.31,0
09:45:25,+1.26,0
09:45:25,+1.27,0
09:45:25,+1.28,0
09:45:25,+1.27,0
09:45:25,+1.28,0
09:45:25,+1.28,0
09:45:25,+1.26,0
09:45:25,+1.31,0
09:45:25,+1.29,0
09:45:26,+1.30,0
09:45:26,+1.30,0
09:45:26,+1.27,0
09:45:26,+1.28,0
09:45:26,+1.25,0
09:45:26,+1.25,0
09:45:26,+1.28,0
09:45:26,+1.29,0
09:45:26,+1.27,0
09:45:26,+1.29,0
09:45:26,+1.27,0
09:45:26,+1.27,0
09:45:26,+1.27,0
09:45:26,+1.27,0
09:45:26,+1.28,0
09:45:26,+1.24,0
09:45:26,+1.25,0
09:45:26,+1.27,0
09:45:26,+1.26,0
09:45:26,+1.27,0
09:45:27,+1.29,0
09:45:27,+1.28,0
09:45:27,+1.31,0
09:45:30,+1.30,0
09:45:30,+1.27,0
09:45:30,+1.28,0
09:45:30,+1.27,0
09:45:30,+1.24,0
09:45:30,+1.29,0
09:45:30,+1.30,0
09:45:30,+1.30,0
09:45:30,+1.29,0
09:45:30,+1.28,0
09:45:30,+1.30,0
09:45:30,+1.30,0
09:45:30,+1.26,0
09:45:30,+1.28,0
09:45:30,+1.28,0
09:45:30,+1.28,0
09:45:30,+1.28,0
09:45:30,+1.26,0
09:45:30,+1.28,0
09:45:30,+1.29,0
09:45:30,+1.25,0
09:45:30,+1.28,0
09:45:30,+1.28,0
09:45:30,+1.26,0
09:45:30,+1.27,0
09:45:30,+1.24,0
09:45:30,+1.25,0
09:45:30,+1.28,0
09:45:30,+1.29,0
09:45:30,+1.27,0
09:45:30,+1.32,0
09:45:30,+1.28,0
09:45:30,+1.29,0
09:45:30,+1.25,0
09:45:30,+1.26,0
09:45:30,+1.27,0
09:45:30,+1.28,0
09:45:30,+1.29,0
09:45:30,+1.29,0
09:45:30,+1.28,0
09:45:30,+1.27,0
09:45:30,+1.29,0
09:45:30,+1.27,0
09:45:30,+1.29,0
09:45:30,+1.25,0
09:45:30,+1.26,0
09:45:30,+1.27,0
09:45:30,+1.27,0
09:45:30,+1.26,0
09:45:30,+1.31,0
09:45:30,+1.29,0
09:45:30,+1.30,0
09:45:30,+1.28,0
09:45:30,+1.25,0
09:45:30,+1.29,0
09:45:30,+1.27,0
09:45:30,+1.26,0
09:45:30,+1.27,0
09:45:30,+1.28,0
09:45:30,+1.27,0
09:45:30,+1.30,0
09:45:30,+1.28,0
09:45:30,+1.28,0
09:45:30,+1.30,0
09:45:30,+1.27,0
09:45:30,+1.30,0
09:45:30,+1.27,0
09:45:30,+1.25,0
09:45:30,+1.27,0
09:45:30,+1.27,0
09:45:30,+1.27,0
09:45:30,+1.28,0
09:45:30,+1.28,0
09:45:30,+1.30,0
09:45:30,+1.27,0
09:45:30,+1.24,0
09:45:30,+1.27,0
09:45:30,+1.26,0
09:45:30,+1.26,0
09:45:31,+1.27,0
09:45:31,+1.25,0
09:45:31,+1.26,0
09:45:31,+1.28,0
09:45:31,+1.25,0
09:45:31,+1.27,0
09:45:31,+1.28,0
09:45:31,+1.26,0
09:45:31,+1.28,0
09:45:31,+1.27,0
09:45:31,+1.26,0
09:45:32,+1.27,0
09:45:32,+1.28,0
09:45:32,+1.28,0
09:45:32,+1.30,0
09:45:32,+1.27,0
09:45:32,+1.27,0
09:45:32,+1.27,0
09:45:32,+1.27,0
09:45:32,+1.30,0
09:45:32,+1.27,0
09:45:32,+1.25,0
09:45:32,+1.30,0
09:45:32,+1.28,0
09:45:32,+1.26,0
09:45:32,+1.28,0
09:45:32,+1.25,0
09:45:32,+1.28,0
09:45:32,+1.25,0
09:45:32,+1.26,0
09:45:32,+1.26,0
09:45:32,+1.24,0
09:45:32,+1.26,0
09:45:32,+1.30,0
09:45:32,+1.28,0
09:45:32,+1.27,0
09:45:32,+1.28,0
09:45:32,+1.27,0
09:45:32,+1.27,0
09:45:32,+1.25,0
09:45:33,+1.26,0
09:45:33,+1.27,0
09:45:33,+1.24,0
09:45:33,+1.26,0
09:45:33,+1.28,0
09:45:33,+1.25,0
09:45:33,+1.27,0
09:45:33,+1.28,0
09:45:33,+1.27,0
09:45:33,+1.31,0
09:45:33,+1.25,0
09:45:33,+1.25,0
09:45:33,+1.30,0
09:45:33,+1.27,0
09:45:33,+1.29,0
09:45:33,+1.29,0
09:45:33,+1.27,0
09:45:33,+1.28,0
09:45:33,+1.30,0
09:45:33,+1.27,0
09:45:33,+1.30,0
09:45:34,+1.27,0
09:45:34,+1.26,0
09:45:34,+1.29,0
09:45:34,+1.28,0
09:45:34,+1.27,0
09:45:34,+1.29,0
09:45:34,+1.25,0
09:45:34,+1.27,0
09:45:34,+1.30,0
09:45:34,+1.27,0
09:45:34,+1.27,0
09:45:34,+1.25,0
09:45:34,+1.27,0
09:45:34,+1.30,0
09:45:34,+1.28,0
09:45:34,+1.28,0
09:45:34,+1.29,0
09:45:34,+1.27,0
09:45:34,+1.28,0
09:45:34,+1.29,0
09:45:35,+1.26,0
09:45:35,+1.27,0
09:45:35,+1.25,0
09:45:35,+1.27,0
09:45:35,+1.30,0
09:45:35,+1.28,0
09:45:35,+1.30,0
09:45:35,+1.29,0
09:45:35,+1.27,0
09:45:35,+1.27,0
09:45:35,+1.27,0
09:45:35,+1.26,0
09:45:35,+1.28,0
09:45:35,+1.25,0
09:45:35,+1.25,0
09:45:35,+1.29,0
09:45:35,+1.26,0
09:45:35,+1.29,0
09:45:35,+1.29,0
09:45:35,+1.25,0
09:45:35,+1.27,0
09:45:36,+1.28,0
09:45:36,+1.26,0
09:45:36,+1.30,0
09:45:36,+1.27,0
09:45:36,+1.27,0
09:45:36,+1.29,0
09:45:36,+1.29,0
09:45:36,+1.30,0
09:45:36,+1.30,0
09:45:36,+1.25,0
09:45:36,+1.26,0
09:45:36,+1.25,0
09:45:36,+1.25,0
09:45:36,+1.30,0
09:45:36,+1.27,0
09:45:36,+1.27,0
09:45:36,+1.27,0
09:45:36,+1.29,0
09:45:36,+1.29,0
09:45:36,+1.30,0
09:45:37,+1.27,0
09:45:37,+1.27,0
09:45:37,+1.26,0
09:45:37,+1.27,0
09:45:37,+1.30,0
09:45:37,+1.25,0
09:45:37,+1.28,0
09:45:37,+1.30,0
09:45:37,+1.26,0
09:45:39,+1.29,0
09:45:39,+1.29,0
09:45:39,+1.25,0
09:45:39,+1.28,0
09:45:39,+1.26,0
09:45:39,+1.24,0
09:45:39,+1.29,0
09:45:39,+1.28,0
09:45:39,+1.27,0
09:45:39,+1.29,0
09:45:39,+1.26,0
09:45:39,+1.26,0
09:45:39,+1.29,0
09:45:39,+1.25,0
09:45:39,+1.27,0
09:45:39,+1.26,0
09:45:39,+1.26,0
09:45:39,+1.28,0
09:45:39,+1.25,0
09:45:39,+1.27,0
09:45:40,+1.30,0
09:45:40,+1.28,0
09:45:40,+1.30,0
09:45:40,+1.29,0
09:45:40,+1.26,0
09:45:40,+1.27,0
09:45:40,+1.25,0
09:45:40,+1.27,0
09:45:40,+1.30,0
09:45:40,+1.25,0
09:45:41,+1.27,0
09:45:41,+1.29,0
09:45:41,+1.28,0
09:45:41,+1.26,0
09:45:41,+1.29,0
09:45:41,+1.26,0
09:45:41,+1.27,0
09:45:41,+1.25,0
09:45:41,+1.27,0
09:45:41,+1.29,0
09:45:41,+1.26,0
09:45:41,+1.30,0
09:45:41,+1.29,0
09:45:41,+1.28,0
09:45:41,+1.30,0
09:45:41,+1.29,0
09:45:41,+1.26,0
09:45:41,+1.28,0
09:45:41,+1.26,0
09:45:41,+1.27,0
09:45:41,+1.29,0
09:45:41,+1.26,0
09:45:41,+1.28,0
09:45:41,+1.29,0
09:45:41,+1.25,0
09:45:41,+1.28,0
09:45:41,+1.28,0
09:45:41,+1.24,0
09:45:41,+1.28,0
09:45:41,+1.24,0
09:45:41,+1.27,0
09:45:41,+1.29,0
09:45:41,+1.28,0
09:45:41,+1.28,0
09:45:41,+1.30,0
09:45:41,+1.25,0
09:45:41,+1.28,0
09:45:41,+1.28,0
09:45:41,+1.24,0
09:45:41,+1.26,0
09:45:41,+1.24,0
09:45:41,+1.26,0
09:45:41,+1.27,0
09:45:41,+1.25,0
09:45:41,+1.26,0
09:45:41,+1.29,0
09:45:41,+1.25,0
09:45:41,+1.25,0
09:45:41,+1.27,0
09:45:41,+1.24,0
09:45:41,+1.28,0
09:45:41,+1.25,0
09:45:41,+1.24,0
09:45:41,+1.28,0
09:45:41,+1.25,0
09:45:41,+1.25,0
09:45:41,+1.29,0
09:45:41,+1.24,0
09:45:41,+1.25,0
09:45:41,+1.24,0
09:45:42,+1.23,0
09:45:42,+1.27,0
09:45:42,+1.28,0
09:45:42,+1.25,0
09:45:42,+1.27,0
09:45:42,+1.25,0
09:45:42,+1.25,0
09:45:42,+1.28,0
09:45:42,+1.26,0
09:45:42,+1.28,0
09:45:42,+1.26,0
09:45:42,+1.23,0
09:45:42,+1.28,0
09:45:42,+1.26,0
09:45:42,+1.29,0
09:45:42,+1.29,0
09:45:42,+1.25,0
09:45:42,+1.28,0
09:45:42,+1.27,0
09:45:42,+1.25,0
09:45:43,+1.25,0
09:45:43,+1.24,0
09:45:43,+1.24,0
09:45:43,+1.26,0
09:45:43,+1.25,0
09:45:43,+1.25,0
09:45:43,+1.28,0
09:45:43,+1.25,0
09:45:43,+1.28,0
09:45:43,+1.26,0
09:45:44,+1.25,0
09:45:44,+1.28,0
09:45:44,+1.28,0
09:45:44,+1.26,0
09:45:44,+1.28,0
09:45:44,+1.29,0
09:45:44,+1.25,0
09:45:44,+1.27,0
09:45:44,+1.24,0
09:45:44,+1.24,0
09:45:44,+1.28,0
09:45:44,+1.24,0
09:45:44,+1.25,0
09:45:44,+1.24,0
09:45:44,+1.25,0
09:45:44,+1.28,0
09:45:44,+1.28,0
09:45:44,+1.29,0
09:45:44,+1.26,0
09:45:44,+1.25,0
09:45:44,+1.24,0
09:45:44,+1.26,0
09:45:44,+1.24,0
09:45:44,+1.26,0
09:45:44,+1.24,0
09:45:44,+1.27,0
09:45:44,+1.27,0
09:45:44,+1.25,0
09:45:44,+1.25,0
09:45:44,+1.27,0
09:45:44,+1.24,0
09:45:44,+1.24,0
09:45:44,+1.27,0
09:45:45,+1.24,0
09:45:45,+1.28,0
09:45:45,+1.28,0
09:45:45,+1.28,0
09:45:45,+1.28,0
09:45:45,+1.28,0
09:45:45,+1.25,0
09:45:45,+1.26,0
09:45:45,+1.24,0
09:45:45,+1.27,0
09:45:45,+1.24,0
09:45:45,+1.24,0
09:45:45,+1.28,0
09:45:45,+1.25,0
09:45:45,+1.25,0
09:45:45,+1.28,0
09:45:45,+1.25,0
09:45:45,+1.27,0
09:45:45,+1.28,0
09:45:45,+1.25,0
09:45:45,+1.26,0
09:45:46,+1.24,0
09:45:46,+1.24,0
09:45:46,+1.26,0
09:45:46,+1.24,0
09:45:46,+1.24,0
09:45:46,+1.28,0
09:45:46,+1.25,0
09:45:46,+1.25,0
09:45:46,+1.28,0
09:45:46,+1.25,0
09:45:46,+1.27,0
09:45:46,+1.25,0
09:45:46,+1.26,0
09:45:46,+1.26,0
09:45:46,+1.28,0
09:45:46,+1.29,0
09:45:46,+1.29,0
09:45:46,+1.25,0
09:45:46,+1.29,0
09:45:46,+1.27,0
09:45:47,+1.25,0
09:45:47,+1.26,0
09:45:47,+1.26,0
09:45:47,+1.24,0
09:45:47,+1.26,0
09:45:47,+1.27,0
09:45:47,+1.26,0
09:45:47,+1.28,0
09:45:47,+1.24,0
09:45:47,+1.25,0
09:45:47,+1.26,0
09:45:47,+1.26,0
09:45:47,+1.26,0
09:45:47,+1.25,0
09:45:47,+1.24,0
09:45:47,+1.26,0
09:45:48,+1.28,0
09:45:48,+1.29,0
09:45:48,+1.27,0
09:45:48,+1.25,0
09:45:48,+1.30,0
09:45:48,+1.26,0
09:45:48,+1.23,0
09:45:48,+1.27,0
09:45:48,+1.27,0
09:45:48,+1.24,0
09:45:48,+1.27,0
09:45:48,+1.24,0
09:45:48,+1.28,0
09:45:48,+1.27,0
09:45:48,+1.25,0
09:45:48,+1.27,0
09:45:48,+1.26,0
09:45:48,+1.25,0
09:45:48,+1.26,0
09:45:48,+1.24,0
09:45:48,+1.27,0
09:45:48,+1.27,0
09:45:48,+1.25,0
09:45:48,+1.28,0
09:45:48,+1.27,0
09:45:49,+1.24,0
09:45:49,+1.25,0
09:45:49,+1.24,0
09:45:49,+1.25,0
09:45:49,+1.26,0
09:45:49,+1.24,0
09:45:49,+1.26,0
09:45:49,+1.27,0
09:45:49,+1.25,0
09:45:49,+1.30,0
09:45:49,+1.26,0
09:45:49,+1.25,0
09:45:49,+1.25,0
09:45:49,+1.25,0
09:45:49,+1.24,0
09:45:49,+1.25,0
09:45:49,+1.27,0
09:45:49,+1.24,0
09:45:49,+1.29,0
09:45:49,+1.27,0
09:45:50,+1.30,0
09:45:50,+1.28,0
09:45:50,+1.25,0
09:45:50,+1.27,0
09:45:50,+1.26,0
09:45:50,+1.25,0
09:45:50,+1.27,0
09:45:50,+1.27,0
09:45:50,+1.27,0
09:45:50,+1.28,0
09:45:50,+1.28,0
09:45:50,+1.30,0
09:45:50,+1.25,0
09:45:50,+1.26,0
09:45:50,+1.25,0
09:45:50,+1.25,0
09:45:50,+1.26,0
09:45:50,+1.27,0
09:45:50,+1.24,0
09:45:50,+1.29,0
09:45:51,+1.27,0
09:45:51,+1.24,0
09:45:51,+1.29,0
09:45:51,+1.26,0
09:45:51,+1.25,0
09:45:51,+1.25,0
09:45:51,+1.27,0
09:45:51,+1.25,0
09:45:51,+1.27,0
09:45:51,+1.24,0
09:45:51,+1.27,0
09:45:51,+1.27,0
09:45:51,+1.25,0
09:45:51,+1.29,0
09:45:51,+1.26,0
09:45:51,+1.25,0
09:45:51,+1.26,0
09:45:51,+1.25,0
09:45:51,+1.27,0
09:45:51,+1.28,0
09:45:51,+1.27,0
09:45:52,+1.27,0
09:45:52,+1.27,0
09:45:52,+1.24,0
09:45:52,+1.27,0
09:45:52,+1.25,0
09:45:52,+1.26,0
09:45:52,+1.27,0
09:45:52,+1.25,0
09:45:52,+1.27,0
09:45:52,+1.29,0
09:45:52,+1.27,0
09:45:52,+1.29,0
09:45:52,+1.29,0
09:45:52,+1.26,0
09:45:52,+1.30,0
09:45:52,+1.27,0
09:45:52,+1.25,0
09:45:52,+1.27,0
09:45:52,+1.27,0
09:45:52,+1.28,0
09:45:53,+1.28,0
09:45:53,+1.27,0
09:45:53,+1.28,0
09:45:53,+1.30,0
09:45:53,+1.27,0
09:45:53,+1.30,0
09:45:53,+1.27,0
09:45:53,+1.26,0
09:45:53,+1.30,0
09:45:53,+1.27,0
09:45:53,+1.26,0
09:45:53,+1.28,0
09:45:53,+1.28,0
09:45:53,+1.28,0
09:45:53,+1.27,0
09:45:53,+1.27,0
09:45:53,+1.26,0
09:45:53,+1.24,0
09:45:53,+1.26,0
09:45:53,+1.27,0
09:45:53,+1.26,0
09:45:54,+1.27,0
09:45:54,+1.29,0
09:45:54,+1.27,0
09:45:54,+1.29,0
09:45:54,+1.29,0
09:45:54,+1.27,0
09:45:54,+1.30,0
09:45:54,+1.25,0
09:45:54,+1.25,0
09:45:54,+1.30,0
09:45:54,+1.27,0
09:45:54,+1.27,0
09:45:54,+1.28,0
09:45:54,+1.27,0
09:45:54,+1.29,0
09:45:54,+1.28,0
09:45:54,+1.27,0
09:45:54,+1.28,0
09:45:54,+1.23,0
09:45:55,+1.27,0
09:45:55,+1.27,0
09:45:55,+1.28,0
09:45:55,+1.28,0
09:45:55,+1.29,0
09:45:55,+1.27,0
09:45:55,+1.29,0
09:45:55,+1.28,0
09:45:55,+1.27,0
09:45:55,+1.30,0
09:45:55,+1.27,0
09:45:55,+1.26,0
09:45:55,+1.30,0
09:45:55,+1.25,0
09:45:55,+1.27,0
09:45:55,+1.28,0
09:45:55,+1.27,0
09:45:55,+1.27,0
09:45:55,+1.28,0
09:45:55,+1.27,0
09:45:55,+1.29,0
09:45:56,+1.27,0
09:45:56,+1.28,0
09:45:56,+1.28,0
09:45:56,+1.28,0
09:45:56,+1.29,0
09:45:56,+1.29,0
09:45:56,+1.27,0
09:45:56,+1.30,0
09:45:56,+1.25,0
09:45:56,+1.26,0
09:45:56,+1.30,0
09:45:56,+1.27,0
09:45:56,+1.29,0
09:45:56,+1.28,0
09:45:56,+1.25,0
09:45:56,+1.28,0
09:45:56,+1.30,0
09:45:56,+1.27,0
09:45:56,+1.28,0
09:45:56,+1.24,0
09:45:57,+1.26,0
09:45:57,+1.30,0
09:45:57,+1.28,0
09:45:57,+1.29,0
09:45:57,+1.28,0
09:45:57,+1.29,0
09:45:57,+1.31,0
09:45:57,+1.29,0
09:45:57,+1.27,0
09:45:57,+1.29,0
09:45:57,+1.26,0
09:45:57,+1.26,0
09:45:57,+1.27,0
09:45:57,+1.28,0
09:45:57,+1.28,0
09:45:57,+1.28,0
09:45:57,+1.29,0
09:45:57,+1.29,0
09:45:57,+1.29,0
09:45:57,+1.26,0
09:45:57,+1.27,0
09:45:58,+1.24,0
09:45:58,+1.27,0
09:45:58,+1.27,0
09:45:58,+1.25,0
09:45:58,+1.29,0
09:45:58,+1.29,0
09:45:58,+1.26,0
09:45:58,+1.28,0
09:45:58,+1.29,0
09:45:58,+1.27,0
09:45:58,+1.27,0
09:45:58,+1.26,0
09:45:58,+1.27,0
09:45:58,+1.27,0
09:45:58,+1.26,0
09:45:58,+1.30,0
09:45:58,+1.28,0
09:45:58,+1.25,0
09:45:58,+1.30,0
09:45:58,+1.26,0
09:45:59,+1.28,0
09:45:59,+1.31,0
09:45:59,+1.24,0
09:45:59,+1.27,0
09:45:59,+1.28,0
09:45:59,+1.26,0
09:45:59,+1.30,0
09:45:59,+1.29,0
09:45:59,+1.28,0
09:45:59,+1.29,0
09:45:59,+1.28,0
09:45:59,+1.26,0
09:45:59,+1.29,0
09:45:59,+1.26,0
09:45:59,+1.27,0
09:45:59,+1.29,0
09:45:59,+1.26,0
09:45:59,+1.28,0
09:45:59,+1.30,0
09:45:59,+1.28,0
09:46:00,+1.27,0
09:46:00,+1.25,0
09:46:00,+1.26,0
09:46:00,+1.30,0
09:46:00,+1.27,0
09:46:00,+1.28,0
09:46:00,+1.30,0
09:46:00,+1.30,0
09:46:00,+1.30,0
09:46:00,+1.29,0
09:46:00,+1.26,0
09:46:00,+1.29,0
09:46:00,+1.26,0
09:46:00,+1.28,0
09:46:00,+1.29,0
09:46:00,+1.26,0
09:46:00,+1.28,0
09:46:00,+1.29,0
09:46:00,+1.27,0
09:46:00,+1.28,0
09:46:00,+1.29,0
09:46:01,+1.26,0
09:46:01,+1.27,0
09:46:01,+1.25,0
09:46:01,+1.26,0
09:46:01,+1.28,0
09:46:01,+1.25,0
09:46:01,+1.29,0
09:46:01,+1.30,0
09:46:01,+1.30,0
09:46:01,+1.32,0
09:46:01,+1.29,0
09:46:01,+1.28,0
09:46:01,+1.28,0
09:46:01,+1.25,0
09:46:01,+1.28,0
09:46:01,+1.31,0
09:46:01,+1.26,0
09:46:01,+1.30,0
09:46:01,+1.28,0
09:46:01,+1.27,0
09:46:02,+1.31,0
09:46:02,+1.29,0
09:46:02,+1.26,0
09:46:02,+1.27,0
09:46:02,+1.25,0
09:46:02,+1.27,0
09:46:02,+1.28,0
09:46:02,+1.26,0
09:46:02,+1.29,0
09:46:02,+1.31,0
09:46:02,+1.28,0
09:46:02,+1.28,0
09:46:02,+1.27,0
09:46:02,+1.28,0
09:46:02,+1.30,0
09:46:02,+1.26,0
09:46:02,+1.26,0
09:46:03,+1.30,0
09:46:03,+1.27,0
09:46:03,+1.32,0
09:46:03,+1.30,0
09:46:03,+1.29,0
09:46:03,+1.30,0
09:46:03,+1.29,0
09:46:03,+1.27,0
09:46:03,+1.29,0
09:46:03,+1.29,0
09:46:03,+1.29,0
09:46:03,+1.30,0
09:46:03,+1.27,0
09:46:03,+1.32,0
09:46:03,+1.30,0
09:46:03,+1.26,0
09:46:03,+1.27,0
09:46:03,+1.27,0
09:46:03,+1.27,0
09:46:03,+1.30,0
09:46:03,+1.27,0
09:46:03,+1.27,0
09:46:03,+1.30,0
09:46:03,+1.27,0
09:46:04,+1.32,0
09:46:04,+1.29,0
09:46:04,+1.28,0
09:46:04,+1.27,0
09:46:04,+1.27,0
09:46:04,+1.27,0
09:46:04,+1.30,0
09:46:04,+1.30,0
09:46:04,+1.30,0
09:46:04,+1.30,0
09:46:04,+1.28,0
09:46:04,+1.32,0
09:46:04,+1.29,0
09:46:04,+1.27,0
09:46:04,+1.30,0
09:46:04,+1.29,0
09:46:04,+1.27,0
09:46:04,+1.28,0
09:46:04,+1.26,0
09:46:04,+1.27,0
09:46:05,+1.29,0
09:46:05,+1.27,0
09:46:05,+1.32,0
09:46:05,+1.29,0
09:46:05,+1.28,0
09:46:05,+1.27,0
09:46:05,+1.29,0
09:46:05,+1.28,0
09:46:05,+1.28,0
09:46:05,+1.26,0
09:46:05,+1.30,0
09:46:05,+1.29,0
09:46:05,+1.27,0
09:46:05,+1.27,0
09:46:05,+1.28,0
09:46:05,+1.26,0
09:46:05,+1.27,0
09:46:05,+1.25,0
09:46:05,+1.28,0
09:46:05,+1.29,0
09:46:06,+1.27,0
09:46:06,+1.28,0
09:46:06,+1.29,0
09:46:06,+1.27,0
09:46:06,+1.29,0
09:46:06,+1.28,0
09:46:06,+1.26,0
09:46:06,+1.27,0
09:46:06,+1.26,0
09:46:06,+1.28,0
09:46:06,+1.31,0
09:46:06,+1.27,0
09:46:06,+1.32,0
09:46:06,+1.29,0
09:46:06,+1.27,0
09:46:06,+1.30,0
09:46:06,+1.28,0
09:46:06,+1.28,0
09:46:06,+1.29,0
09:46:06,+1.26,0
09:46:06,+1.29,0
09:46:07,+1.31,0
09:46:07,+1.28,0
09:46:07,+1.28,0
09:46:07,+1.29,0
09:46:07,+1.27,0
09:46:07,+1.27,0
09:46:07,+1.29,0
09:46:07,+1.26,0
09:46:07,+1.28,0
09:46:07,+1.29,0
09:46:07,+1.30,0
09:46:07,+1.32,0
09:46:07,+1.27,0
09:46:07,+1.30,0
09:46:07,+1.30,0
09:46:07,+1.27,0
09:46:07,+1.29,0
09:46:07,+1.27,0
09:46:07,+1.27,0
09:46:07,+1.31,0
09:46:08,+1.30,0
09:46:08,+1.27,0
09:46:08,+1.30,0
09:46:08,+1.30,0
09:46:08,+1.32,0
09:46:08,+1.30,0
09:46:08,+1.27,0
09:46:08,+1.29,0
09:46:08,+1.26,0
09:46:08,+1.27,0
09:46:08,+1.31,0
09:46:08,+1.28,0
09:46:08,+1.29,0
09:46:08,+1.30,0
09:46:08,+1.27,0
09:46:08,+1.28,0
09:46:08,+1.27,0
09:46:08,+1.26,0
09:46:08,+1.27,0
09:46:08,+1.27,0
09:46:08,+1.29,0
09:46:09,+1.29,0
09:46:09,+1.27,0
09:46:09,+1.30,0
09:46:09,+1.30,0
09:46:09,+1.27,0
09:46:09,+1.30,0
09:46:09,+1.27,0
09:46:09,+1.26,0
09:46:09,+1.27,0
09:46:09,+1.27,0
09:46:09,+1.29,0
09:46:09,+1.29,0
09:46:09,+1.27,0
09:46:09,+1.29,0
09:46:09,+1.29,0
09:46:09,+1.28,0
09:46:09,+1.29,0
09:46:09,+1.29,0
09:46:09,+1.28,0
09:46:09,+1.29,0
09:46:10,+1.29,0
09:46:10,+1.28,0
09:46:10,+1.30,0
09:46:10,+1.30,0
09:46:10,+1.32,0
09:46:10,+1.31,0
09:46:10,+1.28,0
09:46:10,+1.30,0
09:46:10,+1.29,0
09:46:10,+1.28,0
09:46:10,+1.30,0
09:46:10,+1.29,0
09:46:10,+1.29,0
09:46:10,+1.31,0
09:46:10,+1.30,0
09:46:10,+1.32,0
09:46:10,+1.31,0
09:46:10,+1.27,0
09:46:10,+1.32,0
09:46:10,+1.29,0
09:46:11,+1.28,0
09:46:11,+1.30,0
09:46:11,+1.29,0
09:46:11,+1.31,0
09:46:11,+1.30,0
09:46:11,+1.27,0
09:46:11,+1.31,0
09:46:11,+1.29,0
09:46:11,+1.27,0
09:46:11,+1.28,0
09:46:11,+1.28,0
09:46:11,+1.28,0
09:46:11,+1.30,0
09:46:11,+1.30,0
09:46:11,+1.29,0
09:46:11,+1.30,0
09:46:11,+1.30,0
09:46:11,+1.32,0
09:46:11,+1.30,0
09:46:11,+1.27,0
09:46:12,+1.29,0
09:46:12,+1.29,0
09:46:12,+1.28,0
09:46:12,+1.31,0
09:46:12,+1.29,0
09:46:12,+1.30,0
09:46:12,+1.30,0
09:46:12,+1.29,0
09:46:12,+1.32,0
09:46:12,+1.30,0
09:46:12,+1.27,0
09:46:12,+1.30,0
09:46:12,+1.25,0
09:46:12,+1.27,0
09:46:12,+1.30,0
09:46:12,+1.30,0
09:46:12,+1.28,0
09:46:12,+1.33,0
09:46:12,+1.29,0
09:46:12,+1.32,0
09:46:12,+1.29,0
09:46:13,+1.28,0
09:46:13,+1.30,0
09:46:13,+1.30,0
09:46:13,+1.29,0
09:46:13,+1.32,0
09:46:13,+1.29,0
09:46:13,+1.30,0
09:46:13,+1.32,0
09:46:13,+1.29,0
09:46:13,+1.31,0
09:46:13,+1.26,0
09:46:13,+1.27,0
09:46:13,+1.29,0
09:46:13,+1.29,0
09:46:13,+1.32,0
09:46:13,+1.32,0
09:46:13,+1.30,0
09:46:13,+1.30,0
09:46:13,+1.32,0
09:46:13,+1.28,0
09:46:14,+1.28,0
09:46:14,+1.26,0
09:46:14,+1.27,0
09:46:14,+1.31,0
09:46:14,+1.29,0
09:46:14,+1.28,0
09:46:14,+1.30,0
09:46:14,+1.28,0
09:46:14,+1.31,0
09:46:14,+1.30,0
09:46:14,+1.27,0
09:46:14,+1.32,0
09:46:14,+1.29,0
09:46:14,+1.29,0
09:46:14,+1.30,0
09:46:14,+1.27,0
09:46:14,+1.28,0
09:46:14,+1.31,0
09:46:14,+1.30,0
09:46:14,+1.32,0
09:46:14,+1.30,0
09:46:15,+1.28,0
09:46:15,+1.28,0
09:46:15,+1.26,0
09:46:15,+1.29,0
09:46:15,+1.30,0
09:46:15,+1.30,0
09:46:15,+1.28,0
09:46:15,+1.33,0
09:46:15,+1.29,0
09:46:15,+1.30,0
09:46:15,+1.30,0
09:46:15,+1.28,0
09:46:15,+1.31,0
09:46:15,+1.30,0
09:46:15,+1.30,0
09:46:15,+1.31,0
09:46:15,+1.30,0
09:46:15,+1.30,0
09:46:15,+1.33,0
09:46:15,+1.29,0
09:46:16,+1.29,0
09:46:16,+1.29,0
09:46:16,+1.28,0
09:46:16,+1.31,0
09:46:16,+1.30,0
09:46:16,+1.31,0
09:46:16,+1.31,0
09:46:16,+1.30,0
09:46:16,+1.30,0
09:46:16,+1.34,0
09:46:16,+1.29,0
09:46:16,+1.30,0
09:46:16,+1.28,0
09:46:16,+1.28,0
09:46:16,+1.31,0
09:46:16,+1.30,0
09:46:16,+1.31,0
09:46:16,+1.32,0
09:46:16,+1.30,0
09:46:16,+1.30,0
09:46:17,+1.33,0
09:46:17,+1.29,0
09:46:17,+1.29,0
09:46:17,+1.29,0
09:46:17,+1.27,0
09:46:17,+1.31,0
09:46:17,+1.27,0
09:46:17,+1.28,0
09:46:17,+1.32,0
09:46:17,+1.27,0
09:46:17,+1.29,0
09:46:17,+1.29,0
09:46:17,+1.27,0
09:46:17,+1.28,0
09:46:17,+1.26,0
09:46:17,+1.29,0
09:46:17,+1.29,0
09:46:17,+1.28,0
09:46:17,+1.28,0
09:46:17,+1.32,0
09:46:18,+1.30,0
09:46:18,+1.28,0
09:46:18,+1.28,0
09:46:18,+1.27,0
09:46:18,+1.29,0
09:46:18,+1.26,0
09:46:18,+1.29,0
09:46:18,+1.29,0
09:46:18,+1.28,0
09:46:18,+1.28,0
09:46:18,+1.32,0
09:46:18,+1.28,0
09:46:18,+1.29,0
09:46:18,+1.31,0
09:46:18,+1.28,0
09:46:18,+1.30,0
09:46:18,+1.28,0
09:46:18,+1.29,0
09:46:18,+1.32,0
09:46:18,+1.31,0
09:46:18,+1.32,0
09:46:19,+1.32,0
09:46:19,+1.29,0
09:46:19,+1.31,0
09:46:19,+1.27,0
09:46:19,+1.27,0
09:46:19,+1.32,0
09:46:19,+1.27,0
09:46:19,+1.27,0
09:46:19,+1.32,0
09:46:19,+1.31,0
09:46:19,+1.29,0
09:46:19,+1.32,0
09:46:19,+1.27,0
09:46:19,+1.30,0
09:46:19,+1.28,0
09:46:19,+1.29,0
09:46:19,+1.32,0
09:46:19,+1.27,0
09:46:19,+1.28,0
09:46:19,+1.32,0
09:46:20,+1.28,0
09:46:20,+1.32,0
09:46:20,+1.32,0
09:46:20,+1.27,0
09:46:20,+1.29,0
09:46:20,+1.28,0
09:46:20,+1.29,0
09:46:20,+1.32,0
09:46:20,+1.30,0
09:46:20,+1.30,0
09:46:20,+1.32,0
09:46:20,+1.31,0
09:46:20,+1.31,0
09:46:20,+1.32,0
09:46:20,+1.27,0
09:46:20,+1.30,0
09:46:20,+1.28,0
09:46:20,+1.29,0
09:46:20,+1.30,0
09:46:20,+1.28,0
09:46:20,+1.29,0
09:46:21,+1.30,0
09:46:21,+1.28,0
09:46:21,+1.32,0
09:46:21,+1.32,0
09:46:21,+1.29,0
09:46:21,+1.30,0
09:46:21,+1.28,0
09:46:21,+1.29,0
09:46:21,+1.31,0
09:46:21,+1.29,0
09:46:21,+1.32,0
09:46:21,+1.33,0
09:46:21,+1.31,0
09:46:21,+1.33,0
09:46:21,+1.32,0
09:46:21,+1.29,0
09:46:21,+1.30,0
09:46:21,+1.29,0
09:46:21,+1.29,0
09:46:21,+1.31,0
09:46:22,+1.29,0
09:46:22,+1.31,0
09:46:22,+1.32,0
09:46:22,+1.28,0
09:46:22,+1.28,0
09:46:22,+1.30,0
09:46:22,+1.28,0
09:46:22,+1.31,0
09:46:22,+1.29,0
09:46:22,+1.26,0
09:46:22,+1.30,0
09:46:22,+1.28,0
09:46:22,+1.31,0
09:46:22,+1.32,0
09:46:22,+1.31,0
09:46:22,+1.32,0
09:46:22,+1.27,0
09:46:22,+1.29,0
09:46:22,+1.28,0
09:46:22,+1.26,0
09:46:23,+1.27,0
09:46:23,+1.31,0
09:46:23,+1.29,0
09:46:23,+1.28,0
09:46:23,+1.32,0
09:46:23,+1.27,0
09:46:23,+1.30,0
09:46:23,+1.31,0
09:46:23,+1.26,0
09:46:23,+1.30,0
09:46:23,+1.27,0
09:46:23,+1.28,0
09:46:23,+1.30,0
09:46:23,+1.28,0
09:46:23,+1.32,0
09:46:23,+1.32,0
09:46:23,+1.30,0
09:46:23,+1.28,0
09:46:23,+1.29,0
09:46:23,+1.27,0
09:46:24,+1.28,0
09:46:24,+1.26,0
09:46:24,+1.28,0
09:46:24,+1.30,0
09:46:24,+1.28,0
09:46:24,+1.32,0
09:46:24,+1.29,0
09:46:24,+1.28,0
09:46:24,+1.28,0
09:46:24,+1.30,0
09:46:24,+1.27,0
09:46:24,+1.30,0
09:46:24,+1.28,0
09:46:24,+1.30,0
09:46:24,+1.31,0
09:46:24,+1.28,0
09:46:24,+1.33,0
09:46:24,+1.31,0
09:46:24,+1.29,0
09:46:24,+1.28,0
09:46:24,+1.30,0
09:46:25,+1.29,0
09:46:25,+1.31,0
09:46:25,+1.31,0
09:46:25,+1.30,0
09:46:25,+1.31,0
09:46:25,+1.29,0
09:46:25,+1.33,0
09:46:25,+1.31,0
09:46:25,+1.30,0
09:46:25,+1.28,0
09:46:25,+1.26,0
09:46:25,+1.29,0
09:46:25,+1.31,0
09:46:25,+1.27,0
09:46:25,+1.28,0
09:46:25,+1.30,0
09:46:25,+1.28,0
09:46:25,+1.30,0
09:46:25,+1.31,0
09:46:25,+1.28,0
09:46:26,+1.32,0
09:46:26,+1.29,0
09:46:26,+1.27,0
09:46:26,+1.30,0
09:46:26,+1.26,0
09:46:26,+1.31,0
09:46:26,+1.32,0
09:46:26,+1.28,0
09:46:26,+1.32,0
09:46:26,+1.28,0
09:46:26,+1.31,0
09:46:26,+1.31,0
09:46:26,+1.29,0
09:46:26,+1.27,0
09:46:26,+1.30,0
09:46:26,+1.27,0
09:46:26,+1.28,0
09:46:26,+1.29,0
09:46:26,+1.31,0
09:46:26,+1.31,0
09:46:26,+1.28,0
09:46:27,+1.31,0
09:46:27,+1.30,0
09:46:27,+1.29,0
09:46:27,+1.28,0
09:46:27,+1.30,0
09:46:27,+1.28,0
09:46:27,+1.32,0
09:46:27,+1.31,0
09:46:27,+1.29,0
09:46:27,+1.33,0
09:46:27,+1.29,0
09:46:27,+1.27,0
09:46:27,+1.27,0
09:46:27,+1.28,0
09:46:27,+1.28,0
09:46:27,+1.30,0
09:46:27,+1.26,0
09:46:27,+1.30,0
09:46:27,+1.29,0
09:46:27,+1.28,0
09:46:28,+1.30,0
09:46:28,+1.30,0
09:46:28,+1.27,0
09:46:28,+1.27,0
09:46:28,+1.26,0
09:46:28,+1.30,0
09:46:28,+1.28,0
09:46:28,+1.26,0
09:46:28,+1.30,0
09:46:28,+1.30,0
09:46:28,+1.29,0
09:46:28,+1.33,0
09:46:28,+1.29,0
09:46:28,+1.30,0
09:46:28,+1.31,0
09:46:28,+1.27,0
09:46:28,+1.29,0
09:46:28,+1.30,0
09:46:28,+1.31,0
09:46:28,+1.31,0
09:46:29,+1.30,0
09:46:29,+1.29,0
09:46:29,+1.29,0
09:46:29,+1.28,0
09:46:29,+1.30,0
09:46:29,+1.26,0
09:46:29,+1.26,0
09:46:29,+1.30,0
09:46:29,+1.26,0
09:46:29,+1.27,0
09:46:29,+1.30,0
09:46:29,+1.30,0
09:46:29,+1.29,0
09:46:29,+1.31,0
09:46:29,+1.26,0
09:46:29,+1.28,0
09:46:29,+1.26,0
09:46:29,+1.28,0
09:46:29,+1.28,0
09:46:29,+1.29,0
09:46:30,+1.28,0
09:46:30,+1.32,0
09:46:30,+1.30,0
09:46:30,+1.30,0
09:46:30,+1.32,0
09:46:30,+1.28,0
09:46:30,+1.30,0
09:46:30,+1.26,0
09:46:30,+1.26,0
09:46:30,+1.31,0
09:46:30,+1.30,0
09:46:30,+1.27,0
09:46:30,+1.30,0
09:46:30,+1.29,0
09:46:30,+1.29,0
09:46:30,+1.29,0
09:46:30,+1.27,0
09:46:30,+1.27,0
09:46:30,+1.26,0
09:46:30,+1.27,0
09:46:30,+1.29,0
09:46:31,+1.29,0
09:46:31,+1.27,0
09:46:31,+1.30,0
09:46:31,+1.30,0
09:46:31,+1.30,0
09:46:31,+1.29,0
09:46:31,+1.29,0
09:46:31,+1.30,0
09:46:31,+1.25,0
09:46:31,+1.26,0
09:46:31,+1.32,0
09:46:31,+1.29,0
09:46:31,+1.28,0
09:46:31,+1.30,0
09:46:31,+1.30,0
09:46:31,+1.30,0
09:46:31,+1.28,0
09:46:31,+1.26,0
09:46:31,+1.28,0
09:46:31,+1.25,0
09:46:32,+1.28,0
09:46:32,+1.31,0
09:46:32,+1.30,0
09:46:32,+1.28,0
09:46:32,+1.30,0
09:46:32,+1.29,0
09:46:32,+1.30,0
09:46:32,+1.28,0
09:46:32,+1.29,0
09:46:32,+1.30,0
09:46:32,+1.24,0
09:46:32,+1.27,0
09:46:32,+1.32,0
09:46:32,+1.29,0
09:46:32,+1.31,0
09:46:32,+1.31,0
09:46:32,+1.30,0
09:46:32,+1.30,0
09:46:32,+1.28,0
09:46:32,+1.29,0
09:46:32,+1.30,0
09:46:33,+1.25,0
09:46:33,+1.27,0
09:46:33,+1.30,0
09:46:33,+1.29,0
09:46:33,+1.32,0
09:46:33,+1.30,0
09:46:33,+1.29,0
09:46:33,+1.33,0
09:46:33,+1.28,0
09:46:33,+1.27,0
09:46:33,+1.32,0
09:46:33,+1.29,0
09:46:33,+1.28,0
09:46:33,+1.29,0
09:46:33,+1.29,0
09:46:33,+1.30,0
09:46:33,+1.31,0
09:46:33,+1.29,0
09:46:33,+1.33,0
09:46:33,+1.27,0
09:46:34,+1.26,0
09:46:34,+1.31,0
09:46:34,+1.27,0
09:46:34,+1.30,0
09:46:34,+1.29,0
09:46:34,+1.28,0
09:46:34,+1.29,0
09:46:34,+1.32,0
09:46:34,+1.29,0
09:46:34,+1.29,0
09:46:34,+1.28,0
09:46:34,+1.29,0
09:46:34,+1.32,0
09:46:34,+1.27,0
09:46:34,+1.30,0
09:46:34,+1.29,0
09:46:34,+1.29,0
09:46:34,+1.31,0
09:46:34,+1.30,0
09:46:34,+1.29,0
09:46:35,+1.31,0
09:46:35,+1.29,0
09:46:35,+1.27,0
09:46:35,+1.28,0
09:46:35,+1.25,0
09:46:35,+1.29,0
09:46:35,+1.30,0
09:46:35,+1.25,0
09:46:35,+1.30,0
09:46:35,+1.29,0
09:46:35,+1.30,0
09:46:35,+1.30,0
09:46:35,+1.30,0
09:46:35,+1.29,0
09:46:35,+1.32,0
09:46:35,+1.29,0
09:46:35,+1.30,0
09:46:35,+1.32,0
09:46:35,+1.30,0
09:46:35,+1.30,0
09:46:36,+1.29,0
09:46:36,+1.28,0
09:46:36,+1.30,0
09:46:36,+1.27,0
09:46:36,+1.27,0
09:46:36,+1.28,0
09:46:36,+1.27,0
09:46:36,+1.31,0
09:46:36,+1.29,0
09:46:36,+1.31,0
09:46:36,+1.32,0
09:46:36,+1.29,0
09:46:36,+1.30,0
09:46:36,+1.32,0
09:46:36,+1.30,0
09:46:36,+1.31,0
09:46:36,+1.32,0
09:46:36,+1.29,0
09:46:36,+1.30,0
09:46:36,+1.32,0
09:46:36,+1.31,0
09:46:37,+1.33,0
09:46:37,+1.29,0
09:46:37,+1.32,0
09:46:37,+1.31,0
09:46:37,+1.30,0
09:46:37,+1.31,0
09:46:37,+1.30,0
09:46:37,+1.28,0
09:46:37,+1.31,0
09:46:37,+1.29,0
09:46:37,+1.32,0
09:46:37,+1.33,0
09:46:37,+1.28,0
09:46:37,+1.31,0
09:46:37,+1.31,0
09:46:37,+1.30,0
09:46:37,+1.32,0
09:46:37,+1.29,0
09:46:37,+1.27,0
09:46:37,+1.32,0
09:46:38,+1.29,0
09:46:38,+1.28,0
09:46:38,+1.32,0
09:46:38,+1.29,0
09:46:38,+1.29,0
09:46:38,+1.31,0
09:46:38,+1.27,0
09:46:38,+1.28,0
09:46:38,+1.27,0
09:46:38,+1.28,0
09:46:38,+1.32,0
09:46:38,+1.28,0
09:46:38,+1.28,0
09:46:38,+1.33,0
09:46:38,+1.28,0
09:46:38,+1.32,0
09:46:38,+1.31,0
09:46:38,+1.28,0
09:46:38,+1.32,0
09:46:38,+1.30,0
09:46:39,+1.27,0
09:46:39,+1.32,0
09:46:39,+1.28,0
09:46:39,+1.32,0
09:46:39,+1.31,0
09:46:39,+1.29,0
09:46:39,+1.29,0
09:46:39,+1.31,0
09:46:39,+1.27,0
09:46:39,+1.29,0
09:46:39,+1.28,0
09:46:39,+1.29,0
09:46:39,+1.29,0
09:46:39,+1.27,0
09:46:39,+1.30,0
09:46:39,+1.30,0
09:46:39,+1.29,0
09:46:39,+1.32,0
09:46:39,+1.31,0
09:46:39,+1.31,0
09:46:39,+1.32,0
09:46:40,+1.30,0
09:46:40,+1.30,0
09:46:40,+1.31,0
09:46:40,+1.31,0
09:46:40,+1.32,0
09:46:40,+1.30,0
09:46:40,+1.32,0
09:46:40,+1.33,0
09:46:40,+1.30,0
09:46:40,+1.32,0
09:46:40,+1.31,0
09:46:40,+1.29,0
09:46:40,+1.28,0
09:46:40,+1.31,0
09:46:40,+1.28,0
09:46:40,+1.32,0
09:46:40,+1.31,0
09:46:40,+1.30,0
09:46:40,+1.34,0
09:46:40,+1.29,0
09:46:41,+1.30,0
09:46:41,+1.32,0
09:46:41,+1.28,0
09:46:41,+1.29,0
09:46:41,+1.30,0
09:46:41,+1.27,0
09:46:41,+1.32,0
09:46:41,+1.32,0
09:46:41,+1.30,0
09:46:41,+1.34,0
09:46:41,+1.30,0
09:46:41,+1.32,0
09:46:41,+1.30,0
09:46:41,+1.26,0
09:46:41,+1.30,0
09:46:41,+1.27,0
09:46:41,+1.27,0
09:46:41,+1.30,0
09:46:41,+1.31,0
09:46:41,+1.30,0
09:46:42,+1.30,0
09:46:42,+1.29,0
09:46:42,+1.29,0
09:46:42,+1.27,0
09:46:42,+1.29,0
09:46:42,+1.29,0
09:46:42,+1.27,0
09:46:42,+1.27,0
09:46:42,+1.32,0
09:46:42,+1.31,0
09:46:42,+1.29,0
09:46:42,+1.31,0
09:46:42,+1.27,0
09:46:42,+1.31,0
09:46:42,+1.30,0
09:46:42,+1.29,0
09:46:42,+1.30,0
09:46:42,+1.30,0
09:46:42,+1.29,0
09:46:42,+1.33,0
09:46:42,+1.31,0
09:46:43,+1.29,0
09:46:43,+1.31,0
09:46:43,+1.30,0
09:46:43,+1.33,0
09:46:43,+1.29,0
09:46:43,+1.29,0
09:46:43,+1.30,0
09:46:43,+1.29,0
09:46:43,+1.29,0
09:46:43,+1.33,0
09:46:43,+1.31,0
09:46:43,+1.29,0
09:46:43,+1.31,0
09:46:43,+1.28,0
09:46:43,+1.34,0
09:46:43,+1.30,0
09:46:43,+1.29,0
09:46:43,+1.30,0
09:46:43,+1.29,0
09:46:43,+1.30,0
09:46:44,+1.31,0
09:46:44,+1.30,0
09:46:44,+1.30,0
09:46:44,+1.30,0
09:46:44,+1.27,0
09:46:44,+1.32,0
09:46:44,+1.30,0
09:46:44,+1.28,0
09:46:44,+1.33,0
09:46:44,+1.30,0
09:46:44,+1.31,0
09:46:44,+1.30,0
09:46:44,+1.28,0
09:46:44,+1.31,0
09:46:44,+1.31,0
09:46:44,+1.28,0
09:46:44,+1.32,0
09:46:44,+1.29,0
09:46:44,+1.28,0
09:46:44,+1.29,0
09:46:45,+1.29,0
09:46:45,+1.29,0
09:46:45,+1.32,0
09:46:45,+1.31,0
09:46:45,+1.30,0
09:46:45,+1.30,0
09:46:45,+1.27,0
09:46:45,+1.33,0
09:46:45,+1.28,0
09:46:45,+1.28,0
09:46:45,+1.29,0
09:46:45,+1.30,0
09:46:45,+1.32,0
09:46:45,+1.31,0
09:46:45,+1.30,0
09:46:45,+1.31,0
09:46:45,+1.30,0
09:46:45,+1.30,0
09:46:45,+1.33,0
09:46:45,+1.27,0
09:46:45,+1.29,0
09:46:46,+1.28,0
09:46:46,+1.29,0
09:46:46,+1.30,0
09:46:46,+1.31,0
09:46:46,+1.28,0
09:46:46,+1.34,0
09:46:46,+1.29,0
09:46:46,+1.28,0
09:46:46,+1.31,0
09:46:46,+1.27,0
09:46:46,+1.29,0
09:46:46,+1.28,0
09:46:46,+1.29,0
09:46:46,+1.30,0
09:46:46,+1.29,0
09:46:46,+1.29,0
09:46:46,+1.35,0
09:46:46,+1.29,0
09:46:46,+1.28,0
09:46:46,+1.31,0
09:46:47,+1.27,0
09:46:47,+1.29,0
09:46:47,+1.28,0
09:46:47,+1.31,0
09:46:47,+1.32,0
09:46:47,+1.31,0
09:46:47,+1.32,0
09:46:47,+1.33,0
09:46:47,+1.32,0
09:46:47,+1.31,0
09:46:47,+1.33,0
09:46:47,+1.29,0
09:46:47,+1.31,0
09:46:47,+1.29,0
09:46:47,+1.31,0
09:46:47,+1.33,0
09:46:47,+1.32,0
09:46:47,+1.32,0
09:46:47,+1.33,0
09:46:47,+1.32,0
09:46:48,+1.31,0
09:46:48,+1.34,0
09:46:48,+1.29,0
09:46:48,+1.31,0
09:46:48,+1.29,0
09:46:48,+1.31,0
09:46:48,+1.33,0
09:46:48,+1.30,0
09:46:48,+1.33,0
09:46:48,+1.33,0
09:46:48,+1.29,0
09:46:48,+1.29,0
09:46:48,+1.32,0
09:46:48,+1.28,0
09:46:48,+1.32,0
09:46:48,+1.29,0
09:46:48,+1.27,0
09:46:48,+1.31,0
09:46:48,+1.32,0
09:46:48,+1.32,0
09:46:48,+1.31,0
09:46:49,+1.30,0
09:46:49,+1.33,0
09:46:49,+1.32,0
09:46:49,+1.29,0
09:46:49,+1.31,0
09:46:49,+1.30,0
09:46:49,+1.28,0
09:46:49,+1.33,0
09:46:49,+1.30,0
09:46:49,+1.30,0
09:46:49,+1.33,0
09:46:49,+1.29,0
09:46:49,+1.30,0
09:46:49,+1.30,0
09:46:49,+1.29,0
09:46:49,+1.30,0
09:46:49,+1.28,0
09:46:49,+1.29,0
09:46:49,+1.31,0
09:46:49,+1.30,0
09:46:50,+1.33,0
09:46:50,+1.31,0
09:46:50,+1.30,0
09:46:50,+1.33,0
09:46:50,+1.32,0
09:46:50,+1.28,0
09:46:50,+1.32,0
09:46:50,+1.29,0
09:46:50,+1.32,0
09:46:50,+1.32,0
09:46:50,+1.30,0
09:46:50,+1.31,0
09:46:50,+1.33,0
09:46:50,+1.29,0
09:46:50,+1.33,0
09:46:50,+1.31,0
09:46:50,+1.30,0
09:46:50,+1.30,0
09:46:50,+1.28,0
09:46:50,+1.31,0
09:46:51,+1.34,0
09:46:51,+1.33,0
09:46:51,+1.33,0
09:46:51,+1.31,0
09:46:51,+1.30,0
09:46:51,+1.33,0
09:46:51,+1.32,0
09:46:51,+1.29,0
09:46:51,+1.32,0
09:46:51,+1.29,0
09:46:51,+1.33,0
09:46:51,+1.32,0
09:46:51,+1.31,0
09:46:51,+1.34,0
09:46:51,+1.33,0
09:46:51,+1.32,0
09:46:51,+1.34,0
09:46:51,+1.31,0
09:46:51,+1.31,0
09:46:51,+1.32,0
09:46:51,+1.30,0
09:46:52,+1.33,0
09:46:52,+1.33,0
09:46:52,+1.31,0
09:46:52,+1.32,0
09:46:52,+1.32,0
09:46:52,+1.29,0
09:46:52,+1.30,0
09:46:52,+1.30,0
09:46:52,+1.32,0
09:46:51,+1.33,0
09:46:51,+1.29,0
09:46:51,+1.31,0
09:46:51,+1.32,0
09:46:51,+1.30,0
09:46:51,+1.33,0
09:46:51,+1.32,0
09:46:51,+1.30,0
09:46:51,+1.30,0
09:46:51,+1.30,0
09:46:51,+1.32,0
09:46:51,+1.32,0
09:46:51,+1.28,0
09:46:51,+1.33,0
09:46:52,+1.32,0
09:46:52,+1.35,0
09:46:52,+1.34,0
09:46:52,+1.32,0
09:46:52,+1.31,0
09:46:52,+1.31,0
09:46:52,+1.30,0
09:46:52,+1.31,0
09:46:52,+1.33,0
09:46:52,+1.29,0
09:46:52,+1.33,0
09:46:52,+1.33,0
09:46:52,+1.32,0
09:46:52,+1.32,0
09:46:52,+1.32,0
09:46:52,+1.30,0
09:46:52,+1.32,0
09:46:52,+1.32,0
09:46:52,+1.32,0
09:46:52,+1.33,0
09:46:53,+1.30,0
09:46:53,+1.33,0
09:46:53,+1.34,0
09:46:53,+1.32,0
09:46:53,+1.36,0
09:46:53,+1.32,0
09:46:53,+1.31,0
09:46:53,+1.30,0
09:46:53,+1.30,0
09:46:53,+1.34,0
09:46:53,+1.34,0
09:46:53,+1.31,0
09:46:53,+1.33,0
09:46:53,+1.32,0
09:46:53,+1.32,0
09:46:53,+1.33,0
09:46:53,+1.32,0
09:46:53,+1.32,0
09:46:53,+1.33,0
09:46:53,+1.31,0
09:46:54,+1.34,0
09:46:54,+1.34,0
09:46:54,+1.34,0
09:46:54,+1.36,0
09:46:54,+1.34,0
09:46:54,+1.33,0
09:46:54,+1.33,0
09:46:54,+1.32,0
09:46:54,+1.31,0
09:46:54,+1.31,0
09:46:54,+1.31,0
09:46:54,+1.34,0
09:46:54,+1.35,0
09:46:54,+1.35,0
09:46:54,+1.36,0
09:46:54,+1.33,0
09:46:54,+1.33,0
09:46:54,+1.35,0
09:46:54,+1.32,0
09:46:54,+1.35,0
09:46:54,+1.34,0
09:46:55,+1.33,0
09:46:55,+1.34,0
09:46:55,+1.34,0
09:46:55,+1.33,0
09:46:55,+1.37,0
09:46:55,+1.34,0
09:46:55,+1.32,0
09:46:55,+1.34,0
09:46:55,+1.32,0
09:46:55,+1.35,0
09:46:55,+1.34,0
09:46:55,+1.33,0
09:46:55,+1.34,0
09:46:55,+1.35,0
09:46:55,+1.33,0
09:46:55,+1.37,0
09:46:55,+1.34,0
09:46:55,+1.33,0
09:46:55,+1.34,0
09:46:55,+1.30,0
09:46:56,+1.32,0
09:46:56,+1.33,0
09:46:56,+1.34,0
09:46:56,+1.35,0
09:46:56,+1.35,0
09:46:56,+1.34,0
09:46:56,+1.38,0
09:46:56,+1.34,0
09:46:56,+1.33,0
09:46:56,+1.35,0
09:46:56,+1.32,0
09:46:56,+1.35,0
09:46:56,+1.32,0
09:46:56,+1.34,0
09:46:56,+1.35,0
09:46:56,+1.34,0
09:46:56,+1.34,0
09:46:56,+1.37,0
09:46:56,+1.33,0
09:46:56,+1.34,0
09:46:57,+1.33,0
09:46:57,+1.30,0
09:46:57,+1.35,0
09:46:57,+1.34,0
09:46:57,+1.35,0
09:46:57,+1.34,0
09:46:57,+1.35,0
09:46:57,+1.34,0
09:46:57,+1.37,0
09:46:57,+1.34,0
09:46:57,+1.34,0
09:46:57,+1.35,0
09:46:57,+1.32,0
09:46:57,+1.36,0
09:46:57,+1.35,0
09:46:57,+1.35,0
09:46:57,+1.36,0
09:46:57,+1.34,0
09:46:57,+1.35,0
09:46:57,+1.38,0
09:46:57,+1.33,0
09:46:58,+1.35,0
09:46:58,+1.35,0
09:46:58,+1.32,0
09:46:58,+1.34,0
09:46:58,+1.32,0
09:46:58,+1.32,0
09:46:58,+1.36,0
09:46:58,+1.35,0
09:46:58,+1.35,0
09:46:58,+1.38,0
09:46:58,+1.33,0
09:46:58,+1.34,0
09:46:58,+1.33,0
09:46:58,+1.32,0
09:46:58,+1.36,0
09:46:58,+1.35,0
09:46:58,+1.35,0
09:46:58,+1.36,0
09:46:58,+1.36,0
09:46:58,+1.37,0
09:46:59,+1.37,0
09:46:59,+1.34,0
09:46:59,+1.35,0
09:46:59,+1.34,0
09:46:59,+1.33,0
09:46:59,+1.36,0
09:46:59,+1.35,0
09:46:59,+1.35,0
09:46:59,+1.37,0
09:46:59,+1.34,0
09:46:59,+1.35,0
09:46:59,+1.37,0
09:46:59,+1.33,0
09:46:59,+1.35,0
09:46:59,+1.33,0
09:46:59,+1.32,0
09:46:59,+1.35,0
09:46:59,+1.32,0
09:46:59,+1.34,0
09:46:59,+1.38,0
09:47:00,+1.32,0
09:47:00,+1.35,0
09:47:00,+1.35,0
09:47:00,+1.33,0
09:47:00,+1.36,0
09:47:00,+1.33,0
09:47:00,+1.32,0
09:47:00,+1.37,0
09:47:00,+1.36,0
09:47:00,+1.37,0
09:47:00,+1.35,0
09:47:00,+1.35,0
09:47:00,+1.38,0
09:47:00,+1.36,0
09:47:00,+1.32,0
09:47:00,+1.34,0
09:47:00,+1.31,0
09:47:00,+1.34,0
09:47:00,+1.37,0
09:47:00,+1.36,0
09:47:00,+1.38,0
09:47:01,+1.38,0
09:47:01,+1.35,0
09:47:01,+1.34,0
09:47:01,+1.33,0
09:47:01,+1.32,0
09:47:01,+1.35,0
09:47:01,+1.32,0
09:47:01,+1.35,0
09:47:01,+1.35,0
09:47:01,+1.34,0
09:47:01,+1.37,0
09:47:01,+1.37,0
09:47:01,+1.34,0
09:47:01,+1.36,0
09:47:01,+1.36,0
09:47:01,+1.32,0
09:47:01,+1.37,0
09:47:01,+1.33,0
09:47:01,+1.36,0
09:47:01,+1.38,0
09:47:02,+1.34,0
09:47:02,+1.35,0
09:47:02,+1.36,0
09:47:02,+1.35,0
09:47:02,+1.37,0
09:47:02,+1.32,0
09:47:02,+1.33,0
09:47:02,+1.37,0
09:47:02,+1.36,0
09:47:02,+1.35,0
09:47:02,+1.38,0
09:47:02,+1.37,0
09:47:02,+1.39,0
09:47:02,+1.38,0
09:47:02,+1.35,0
09:47:02,+1.36,0
09:47:02,+1.36,0
09:47:02,+1.33,0
09:47:02,+1.38,0
09:47:02,+1.33,0
09:47:03,+1.35,0
09:47:03,+1.39,0
09:47:03,+1.38,0
09:47:03,+1.40,0
09:47:03,+1.35,0
09:47:03,+1.36,0
09:47:03,+1.38,0
09:47:03,+1.37,0
09:47:03,+1.35,0
09:47:03,+1.37,0
09:47:03,+1.35,0
09:47:03,+1.35,0
09:47:03,+1.38,0
09:47:03,+1.35,0
09:47:03,+1.39,0
09:47:03,+1.38,0
09:47:03,+1.35,0
09:47:03,+1.36,0
09:47:03,+1.34,0
09:47:03,+1.36,0
09:47:03,+1.37,0
09:47:04,+1.35,0
09:47:04,+1.38,0
09:47:04,+1.39,0
09:47:04,+1.37,0
09:47:04,+1.36,0
09:47:04,+1.37,0
09:47:04,+1.36,0
09:47:04,+1.38,0
09:47:04,+1.32,0
09:47:04,+1.36,0
09:47:04,+1.39,0
09:47:04,+1.34,0
09:47:04,+1.37,0
09:47:04,+1.37,0
09:47:04,+1.35,0
09:47:04,+1.39,0
09:47:04,+1.38,0
09:47:04,+1.35,0
09:47:04,+1.37,0
09:47:04,+1.37,0
09:47:05,+1.35,0
09:47:05,+1.37,0
09:47:05,+1.34,0
09:47:05,+1.38,0
09:47:05,+1.39,0
09:47:05,+1.38,0
09:47:05,+1.40,0
09:47:05,+1.37,0
09:47:05,+1.34,0
09:47:05,+1.38,0
09:47:05,+1.37,0
09:47:05,+1.37,0
09:47:05,+1.38,0
09:47:05,+1.36,0
09:47:05,+1.37,0
09:47:05,+1.39,0
09:47:05,+1.35,0
09:47:05,+1.36,0
09:47:05,+1.37,0
09:47:05,+1.36,0
09:47:06,+1.38,0
09:47:06,+1.35,0
09:47:06,+1.35,0
09:47:06,+1.39,0
09:47:06,+1.38,0
09:47:06,+1.39,0
09:47:06,+1.39,0
09:47:06,+1.38,0
09:47:06,+1.38,0
09:47:06,+1.37,0
09:47:06,+1.36,0
09:47:06,+1.37,0
09:47:06,+1.37,0
09:47:06,+1.36,0
09:47:06,+1.38,0
09:47:06,+1.36,0
09:47:06,+1.38,0
09:47:06,+1.39,0
09:47:06,+1.35,0
09:47:06,+1.36,0
09:47:06,+1.36,0
09:47:07,+1.36,0
09:47:07,+1.35,0
09:47:07,+1.33,0
09:47:07,+1.36,0
09:47:07,+1.39,0
09:47:07,+1.36,0
09:47:07,+1.41,0
09:47:07,+1.38,0
09:47:07,+1.35,0
09:47:07,+1.36,0
09:47:07,+1.34,0
09:47:07,+1.36,0
09:47:07,+1.38,0
09:47:07,+1.38,0
09:47:07,+1.37,0
09:47:07,+1.39,0
09:47:07,+1.37,0
09:47:07,+1.38,0
09:47:07,+1.39,0
09:47:07,+1.36,0
09:47:08,+1.36,0
09:47:08,+1.38,0
09:47:08,+1.37,0
09:47:08,+1.39,0
09:47:08,+1.39,0
09:47:08,+1.37,0
09:47:08,+1.39,0
09:47:08,+1.37,0
09:47:08,+1.38,0
09:47:08,+1.38,0
09:47:08,+1.35,0
09:47:08,+1.36,0
09:47:08,+1.34,0
09:47:08,+1.37,0
09:47:08,+1.39,0
09:47:08,+1.36,0
09:47:08,+1.37,0
09:47:08,+1.38,0
09:47:08,+1.40,0
09:47:08,+1.40,0
09:47:09,+1.38,0
09:47:09,+1.39,0
09:47:09,+1.39,0
09:47:09,+1.38,0
09:47:09,+1.37,0
09:47:09,+1.39,0
09:47:09,+1.39,0
09:47:09,+1.40,0
09:47:09,+1.39,0
09:47:09,+1.38,0
09:47:09,+1.41,0
09:47:09,+1.38,0
09:47:09,+1.36,0
09:47:09,+1.36,0
09:47:09,+1.36,0
09:47:09,+1.38,0
09:47:09,+1.37,0
09:47:09,+1.36,0
09:47:09,+1.41,0
09:47:09,+1.40,0
09:47:09,+1.38,0
09:47:10,+1.42,0
09:47:10,+1.38,0
09:47:10,+1.39,0
09:47:10,+1.36,0
09:47:10,+1.35,0
09:47:10,+1.38,0
09:47:10,+1.39,0
09:47:10,+1.37,0
09:47:10,+1.38,0
09:47:10,+1.38,0
09:47:10,+1.41,0
09:47:10,+1.39,0
09:47:10,+1.38,0
09:47:10,+1.40,0
09:47:10,+1.39,0
09:47:10,+1.39,0
09:47:10,+1.39,0
09:47:10,+1.40,0
09:47:10,+1.37,0
09:47:10,+1.39,0
09:47:11,+1.39,0
09:47:11,+1.38,0
09:47:11,+1.42,0
09:47:11,+1.38,0
09:47:11,+1.40,0
09:47:11,+1.40,0
09:47:11,+1.36,0
09:47:11,+1.40,0
09:47:11,+1.41,0
09:47:11,+1.37,0
09:47:11,+1.39,0
09:47:11,+1.39,0
09:47:11,+1.38,0
09:47:11,+1.41,0
09:47:11,+1.37,0
09:47:11,+1.38,0
09:47:11,+1.36,0
09:47:11,+1.36,0
09:47:11,+1.38,0
09:47:11,+1.40,0
09:47:12,+1.38,0
09:47:12,+1.39,0
09:47:12,+1.38,0
09:47:12,+1.38,0
09:47:12,+1.38,0
09:47:12,+1.38,0
09:47:12,+1.40,0
09:47:12,+1.38,0
09:47:12,+1.35,0
09:47:12,+1.41,0
09:47:12,+1.40,0
09:47:12,+1.42,0
09:47:12,+1.43,0
09:47:12,+1.39,0
09:47:12,+1.38,0
09:47:12,+1.39,0
09:47:12,+1.39,0
09:47:12,+1.38,0
09:47:12,+1.37,0
09:47:12,+1.39,0
09:47:12,+1.40,0
09:47:13,+1.40,0
09:47:13,+1.38,0
09:47:13,+1.39,0
09:47:13,+1.38,0
09:47:13,+1.41,0
09:47:13,+1.40,0
09:47:13,+1.39,0
09:47:13,+1.38,0
09:47:13,+1.38,0
09:47:13,+1.37,0
09:47:13,+1.41,0
09:47:13,+1.38,0
09:47:13,+1.40,0
09:47:13,+1.44,0
09:47:13,+1.39,0
09:47:13,+1.39,0
09:47:13,+1.39,0
09:47:13,+1.37,0
09:47:13,+1.40,0
09:47:13,+1.41,0
09:47:14,+1.41,0
09:47:14,+1.42,0
09:47:14,+1.41,0
09:47:14,+1.38,0
09:47:14,+1.43,0
09:47:14,+1.39,0
09:47:14,+1.39,0
09:47:14,+1.37,0
09:47:14,+1.39,0
09:47:14,+1.39,0
09:47:14,+1.39,0
09:47:14,+1.41,0
09:47:14,+1.42,0
09:47:14,+1.41,0
09:47:14,+1.39,0
09:47:14,+1.43,0
09:47:14,+1.39,0
09:47:14,+1.40,0
09:47:14,+1.40,0
09:47:14,+1.37,0
09:47:15,+1.41,0
09:47:15,+1.42,0
09:47:15,+1.39,0
09:47:15,+1.43,0
09:47:15,+1.41,0
09:47:15,+1.42,0
09:47:15,+1.43,0
09:47:15,+1.37,0
09:47:15,+1.40,0
09:47:15,+1.38,0
09:47:15,+1.40,0
09:47:15,+1.39,0
09:47:15,+1.42,0
09:47:15,+1.42,0
09:47:15,+1.43,0
09:47:15,+1.41,0
09:47:15,+1.43,0
09:47:15,+1.44,0
09:47:15,+1.39,0
09:47:15,+1.40,0
09:47:15,+1.40,0
09:47:16,+1.40,0
09:47:16,+1.42,0
09:47:16,+1.39,0
09:47:16,+1.39,0
09:47:16,+1.43,0
09:47:16,+1.41,0
09:47:16,+1.42,0
09:47:16,+1.39,0
09:47:16,+1.38,0
09:47:16,+1.40,0
09:47:16,+1.40,0
09:47:16,+1.38,0
09:47:16,+1.43,0
09:47:16,+1.40,0
09:47:16,+1.39,0
09:47:16,+1.43,0
09:47:16,+1.41,0
09:47:16,+1.42,0
09:47:16,+1.43,0
09:47:16,+1.40,0
09:47:17,+1.41,0
09:47:17,+1.40,0
09:47:17,+1.38,0
09:47:17,+1.43,0
09:47:17,+1.40,0
09:47:17,+1.39,0
09:47:17,+1.44,0
09:47:17,+1.39,0
09:47:17,+1.40,0
09:47:17,+1.40,0
09:47:17,+1.40,0
09:47:17,+1.41,0
09:47:17,+1.40,0
09:47:17,+1.38,0
09:47:17,+1.43,0
09:47:17,+1.40,0
09:47:17,+1.40,0
09:47:17,+1.43,0
09:47:17,+1.40,0
09:47:17,+1.40,0
09:47:18,+1.40,0
09:47:18,+1.38,0
09:47:18,+1.41,0
09:47:18,+1.40,0
09:47:18,+1.41,0
09:47:18,+1.44,0
09:47:18,+1.43,0
09:47:18,+1.43,0
09:47:18,+1.45,0
09:47:18,+1.41,0
09:47:18,+1.42,0
09:47:18,+1.44,0
09:47:18,+1.40,0
09:47:18,+1.43,0
09:47:18,+1.41,0
09:47:18,+1.43,0
09:47:18,+1.44,0
09:47:18,+1.42,0
09:47:18,+1.44,0
09:47:18,+1.44,0
09:47:18,+1.39,0
09:47:19,+1.42,0
09:47:19,+1.42,0
09:47:19,+1.38,0
09:47:19,+1.42,0
09:47:19,+1.40,0
09:47:19,+1.41,0
09:47:19,+1.45,0
09:47:19,+1.41,0
09:47:19,+1.45,0
09:47:19,+1.45,0
09:47:19,+1.41,0
09:47:19,+1.42,0
09:47:19,+1.44,0
09:47:19,+1.40,0
09:47:19,+1.42,0
09:47:19,+1.41,0
09:47:19,+1.40,0
09:47:19,+1.45,0
09:47:19,+1.42,0
09:47:19,+1.42,0
09:47:20,+1.44,0
09:47:20,+1.41,0
09:47:20,+1.43,0
09:47:20,+1.42,0
09:47:20,+1.42,0
09:47:20,+1.46,0
09:47:20,+1.44,0
09:47:20,+1.46,0
09:47:20,+1.46,0
09:47:20,+1.45,0
09:47:20,+1.43,0
09:47:20,+1.44,0
09:47:20,+1.42,0
09:47:20,+1.44,0
09:47:20,+1.44,0
09:47:20,+1.41,0
09:47:20,+1.45,0
09:47:20,+1.43,0
09:47:20,+1.46,0
09:47:20,+1.47,0
09:47:21,+1.45,0
09:47:21,+1.44,0
09:47:21,+1.46,0
09:47:21,+1.42,0
09:47:21,+1.45,0
09:47:21,+1.43,0
09:47:21,+1.45,0
09:47:21,+1.47,0
09:47:21,+1.44,0
09:47:21,+1.46,0
09:47:21,+1.46,0
09:47:21,+1.44,0
09:47:21,+1.43,0
09:47:21,+1.42,0
09:47:21,+1.41,0
09:47:21,+1.45,0
09:47:21,+1.44,0
09:47:21,+1.45,0
09:47:21,+1.46,0
09:47:21,+1.44,0
09:47:21,+1.46,0
09:47:22,+1.46,0
09:47:22,+1.43,0
09:47:22,+1.43,0
09:47:22,+1.42,0
09:47:22,+1.41,0
09:47:22,+1.45,0
09:47:22,+1.45,0
09:47:22,+1.42,0
09:47:22,+1.47,0
09:47:22,+1.44,0
09:47:22,+1.46,0
09:47:22,+1.46,0
09:47:22,+1.43,0
09:47:22,+1.46,0
09:47:22,+1.45,0
09:47:22,+1.40,0
09:47:22,+1.45,0
09:47:22,+1.47,0
09:47:22,+1.46,0
09:47:22,+1.48,0
09:47:23,+1.44,0
09:47:23,+1.46,0
09:47:23,+1.45,0
09:47:23,+1.42,0
09:47:23,+1.43,0
09:47:23,+1.45,0
09:47:23,+1.43,0
09:47:23,+1.45,0
09:47:23,+1.44,0
09:47:23,+1.43,0
09:47:23,+1.46,0
09:47:23,+1.44,0
09:47:23,+1.46,0
09:47:23,+1.44,0
09:47:23,+1.42,0
09:47:23,+1.43,0
09:47:23,+1.46,0
09:47:23,+1.44,0
09:47:23,+1.47,0
09:47:23,+1.45,0
09:47:24,+1.45,0
09:47:24,+1.45,0
09:47:24,+1.46,0
09:47:24,+1.45,0
09:47:24,+1.46,0
09:47:24,+1.42,0
09:47:24,+1.44,0
09:47:24,+1.46,0
09:47:24,+1.45,0
09:47:24,+1.47,0
09:47:24,+1.44,0
09:47:24,+1.47,0
09:47:24,+1.45,0
09:47:24,+1.43,0
09:47:24,+1.45,0
09:47:24,+1.45,0
09:47:24,+1.44,0
09:47:24,+1.46,0
09:47:24,+1.47,0
09:47:24,+1.42,0
09:47:24,+1.46,0
09:47:25,+1.47,0
09:47:25,+1.47,0
09:47:25,+1.48,0
09:47:25,+1.44,0
09:47:25,+1.46,0
09:47:25,+1.44,0
09:47:25,+1.42,0
09:47:25,+1.44,0
09:47:25,+1.43,0
09:47:25,+1.43,0
09:47:25,+1.46,0
09:47:25,+1.44,0
09:47:25,+1.43,0
09:47:25,+1.45,0
09:47:25,+1.43,0
09:47:25,+1.45,0
09:47:25,+1.43,0
09:47:25,+1.42,0
09:47:25,+1.45,0
09:47:25,+1.43,0
09:47:26,+1.43,0
09:47:26,+1.46,0
09:47:26,+1.46,0
09:47:26,+1.47,0
09:47:26,+1.44,0
09:47:26,+1.43,0
09:47:26,+1.43,0
09:47:26,+1.44,0
09:47:26,+1.41,0
09:47:26,+1.46,0
09:47:26,+1.47,0
09:47:26,+1.46,0
09:47:26,+1.47,0
09:47:26,+1.44,0
09:47:26,+1.43,0
09:47:26,+1.44,0
09:47:26,+1.42,0
09:47:26,+1.44,0
09:47:26,+1.47,0
09:47:26,+1.42,0
09:47:27,+1.47,0
09:47:27,+1.47,0
09:47:27,+1.47,0
09:47:27,+1.48,0
09:47:27,+1.43,0
09:47:27,+1.47,0
09:47:27,+1.44,0
09:47:27,+1.43,0
09:47:27,+1.46,0
09:47:27,+1.46,0
09:47:27,+1.42,0
09:47:27,+1.47,0
09:47:27,+1.47,0
09:47:27,+1.48,0
09:47:27,+1.47,0
09:47:27,+1.44,0
09:47:27,+1.43,0
09:47:27,+1.45,0
09:47:27,+1.45,0
09:47:27,+1.46,0
09:47:27,+1.47,0
09:47:28,+1.45,0
09:47:28,+1.46,0
09:47:28,+1.44,0
09:47:28,+1.45,0
09:47:28,+1.48,0
09:47:28,+1.44,0
09:47:28,+1.45,0
09:47:28,+1.46,0
09:47:28,+1.44,0
09:47:28,+1.46,0
09:47:28,+1.45,0
09:47:28,+1.42,0
09:47:28,+1.46,0
09:47:28,+1.47,0
09:47:28,+1.48,0
09:47:28,+1.49,0
09:47:28,+1.44,0
09:47:28,+1.45,0
09:47:28,+1.44,0
09:47:28,+1.43,0
09:47:29,+1.46,0
09:47:29,+1.46,0
09:47:29,+1.44,0
09:47:29,+1.47,0
09:47:29,+1.47,0
09:47:29,+1.48,0
09:47:29,+1.45,0
09:47:29,+1.43,0
09:47:29,+1.45,0
09:47:29,+1.46,0
09:47:29,+1.44,0
09:47:29,+1.46,0
09:47:29,+1.46,0
09:47:29,+1.45,0
09:47:29,+1.49,0
09:47:29,+1.47,0
09:47:29,+1.48,0
09:47:29,+1.48,0
09:47:29,+1.44,0
09:47:29,+1.48,0
09:47:30,+1.45,0
09:47:30,+1.42,0
09:47:30,+1.46,0
09:47:30,+1.47,0
09:47:30,+1.45,0
09:47:30,+1.47,0
09:47:30,+1.47,0
09:47:30,+1.44,0
09:47:30,+1.45,0
09:47:30,+1.45,0
09:47:30,+1.45,0
09:47:30,+1.45,0
09:47:30,+1.43,0
09:47:30,+1.45,0
09:47:30,+1.45,0
09:47:30,+1.48,0
09:47:30,+1.48,0
09:47:30,+1.45,0
09:47:30,+1.45,0
09:47:30,+1.46,0
09:47:30,+1.44,0
09:47:31,+1.44,0
09:47:31,+1.43,0
09:47:31,+1.42,0
09:47:31,+1.46,0
09:47:31,+1.47,0
09:47:31,+1.44,0
09:47:31,+1.47,0
09:47:31,+1.46,0
09:47:31,+1.49,0
09:47:31,+1.47,0
09:47:31,+1.44,0
09:47:31,+1.45,0
09:47:31,+1.46,0
09:47:31,+1.45,0
09:47:31,+1.48,0
09:47:31,+1.46,0
09:47:31,+1.46,0
09:47:31,+1.50,0
09:47:31,+1.46,0
09:47:31,+1.48,0
09:47:32,+1.48,0
09:47:32,+1.44,0
09:47:32,+1.46,0
09:47:32,+1.46,0
09:47:32,+1.47,0
09:47:32,+1.48,0
09:47:32,+1.47,0
09:47:32,+1.46,0
09:47:32,+1.46,0
09:47:32,+1.46,0
09:47:32,+1.47,0
09:47:32,+1.43,0
09:47:32,+1.43,0
09:47:32,+1.48,0
09:47:32,+1.47,0
09:47:32,+1.44,0
09:47:32,+1.46,0
09:47:32,+1.45,0
09:47:32,+1.46,0
09:47:32,+1.46,0
09:47:33,+1.46,0
09:47:33,+1.47,0
09:47:33,+1.43,0
09:47:33,+1.43,0
09:47:33,+1.48,0
09:47:33,+1.47,0
09:47:33,+1.45,0
09:47:33,+1.47,0
09:47:33,+1.47,0
09:47:33,+1.46,0
09:47:33,+1.49,0
09:47:33,+1.45,0
09:47:33,+1.47,0
09:47:33,+1.43,0
09:47:33,+1.44,0
09:47:33,+1.48,0
09:47:33,+1.47,0
09:47:33,+1.45,0
09:47:33,+1.47,0
09:47:33,+1.45,0
09:47:33,+1.46,0
09:47:34,+1.47,0
09:47:34,+1.46,0
09:47:34,+1.49,0
09:47:34,+1.46,0
09:47:34,+1.45,0
09:47:34,+1.46,0
09:47:34,+1.47,0
09:47:34,+1.45,0
09:47:34,+1.49,0
09:47:34,+1.46,0
09:47:34,+1.46,0
09:47:34,+1.48,0
09:47:34,+1.45,0
09:47:34,+1.48,0
09:47:34,+1.47,0
09:47:34,+1.44,0
09:47:34,+1.47,0
09:47:34,+1.47,0
09:47:34,+1.45,0
09:47:34,+1.47,0
09:47:35,+1.44,0
09:47:35,+1.46,0
09:47:35,+1.45,0
09:47:35,+1.46,0
09:47:35,+1.48,0
09:47:35,+1.47,0
09:47:35,+1.46,0
09:47:35,+1.47,0
09:47:35,+1.48,0
09:47:35,+1.49,0
09:47:35,+1.49,0
09:47:35,+1.46,0
09:47:35,+1.46,0
09:47:35,+1.44,0
09:47:35,+1.45,0
09:47:35,+1.45,0
09:47:35,+1.43,0
09:47:35,+1.44,0
09:47:35,+1.49,0
09:47:35,+1.45,0
09:47:36,+1.45,0
09:47:36,+1.47,0
09:47:36,+1.46,0
09:47:36,+1.47,0
09:47:36,+1.46,0
09:47:36,+1.43,0
09:47:36,+1.46,0
09:47:36,+1.43,0
09:47:36,+1.46,0
09:47:36,+1.47,0
09:47:36,+1.44,0
09:47:36,+1.46,0
09:47:36,+1.49,0
09:47:36,+1.46,0
09:47:36,+1.46,0
09:47:36,+1.46,0
09:47:36,+1.45,0
09:47:36,+1.49,0
09:47:36,+1.46,0
09:47:36,+1.48,0
09:47:36,+1.48,0
09:47:37,+1.47,0
09:47:37,+1.46,0
09:47:37,+1.46,0
09:47:37,+1.46,0
09:47:37,+1.49,0
09:47:37,+1.44,0
09:47:37,+1.45,0
09:47:37,+1.48,0
09:47:37,+1.43,0
09:47:37,+1.48,0
09:47:37,+1.48,0
09:47:37,+1.47,0
09:47:37,+1.46,0
09:47:37,+1.49,0
09:47:37,+1.46,0
09:47:37,+1.47,0
09:47:37,+1.44,0
09:47:37,+1.45,0
09:47:37,+1.48,0
09:47:37,+1.47,0
09:47:38,+1.48,0
09:47:38,+1.48,0
09:47:38,+1.47,0
09:47:38,+1.46,0
09:47:38,+1.49,0
09:47:38,+1.46,0
09:47:38,+1.47,0
09:47:38,+1.45,0
09:47:38,+1.46,0
09:47:38,+1.49,0
09:47:38,+1.47,0
09:47:38,+1.46,0
09:47:38,+1.47,0
09:47:38,+1.47,0
09:47:38,+1.50,0
09:47:38,+1.48,0
09:47:38,+1.45,0
09:47:38,+1.46,0
09:47:38,+1.42,0
09:47:38,+1.46,0
09:47:39,+1.46,0
09:47:39,+1.44,0
09:47:39,+1.45,0
09:47:39,+1.49,0
09:47:39,+1.47,0
09:47:39,+1.50,0
09:47:39,+1.48,0
09:47:39,+1.45,0
09:47:39,+1.47,0
09:47:39,+1.45,0
09:47:39,+1.45,0
09:47:39,+1.48,0
09:47:39,+1.44,0
09:47:39,+1.46,0
09:47:39,+1.49,0
09:47:39,+1.47,0
09:47:39,+1.46,0
09:47:39,+1.45,0
09:47:39,+1.46,0
09:47:39,+1.47,0
09:47:39,+1.44,0
09:47:40,+1.45,0
09:47:40,+1.47,0
09:47:40,+1.48,0
09:47:40,+1.50,0
09:47:40,+1.49,0
09:47:40,+1.47,0
09:47:40,+1.50,0
09:47:40,+1.47,0
09:47:40,+1.43,0
09:47:40,+1.48,0
09:47:40,+1.46,0
09:47:40,+1.46,0
09:47:40,+1.47,0
09:47:40,+1.44,0
09:47:40,+1.46,0
09:47:40,+1.49,0
09:47:40,+1.44,0
09:47:40,+1.47,0
09:47:40,+1.47,0
09:47:40,+1.46,0
09:47:41,+1.48,0
09:47:41,+1.44,0
09:47:41,+1.46,0
09:47:41,+1.49,0
09:47:41,+1.48,0
09:47:41,+1.50,0
09:47:41,+1.46,0
09:47:41,+1.47,0
09:47:41,+1.46,0
09:47:41,+1.44,0
09:47:41,+1.44,0
09:47:41,+1.46,0
09:47:41,+1.43,0
09:47:41,+1.46,0
09:47:41,+1.49,0
09:47:41,+1.48,0
09:47:41,+1.47,0
09:47:41,+1.46,0
09:47:41,+1.47,0
09:47:41,+1.49,0
09:47:42,+1.46,0
09:47:42,+1.44,0
09:47:42,+1.47,0
09:47:42,+1.44,0
09:47:42,+1.46,0
09:47:42,+1.49,0
09:47:42,+1.45,0
09:47:42,+1.47,0
09:47:42,+1.48,0
09:47:42,+1.47,0
09:47:42,+1.49,0
09:47:42,+1.47,0
09:47:42,+1.46,0
09:47:42,+1.48,0
09:47:42,+1.45,0
09:47:42,+1.46,0
09:47:42,+1.50,0
09:47:42,+1.48,0
09:47:42,+1.51,0
09:47:42,+1.48,0
09:47:42,+1.46,0
09:47:43,+1.49,0
09:47:43,+1.45,0
09:47:43,+1.44,0
09:47:43,+1.48,0
09:47:43,+1.45,0
09:47:43,+1.49,0
09:47:43,+1.49,0
09:47:43,+1.48,0
09:47:43,+1.50,0
09:47:43,+1.47,0
09:47:43,+1.45,0
09:47:43,+1.45,0
09:47:43,+1.43,0
09:47:43,+1.45,0
09:47:43,+1.48,0
09:47:43,+1.45,0
09:47:43,+1.47,0
09:47:43,+1.49,0
09:47:43,+1.44,0
09:47:43,+1.47,0
09:47:44,+1.47,0
09:47:44,+1.46,0
09:47:44,+1.45,0
09:47:44,+1.43,0
09:47:44,+1.45,0
09:47:44,+1.48,0
09:47:44,+1.46,0
09:47:44,+1.47,0
09:47:44,+1.48,0
09:47:44,+1.45,0
09:47:44,+1.46,0
09:47:44,+1.47,0
09:47:44,+1.45,0
09:47:44,+1.45,0
09:47:44,+1.43,0
09:47:44,+1.45,0
09:47:44,+1.49,0
09:47:44,+1.48,0
09:47:44,+1.49,0
09:47:44,+1.48,0
09:47:45,+1.45,0
09:47:45,+1.46,0
09:47:45,+1.47,0
09:47:45,+1.45,0
09:47:45,+1.48,0
09:47:45,+1.43,0
09:47:45,+1.46,0
09:47:45,+1.50,0
09:47:45,+1.48,0
09:47:45,+1.49,0
09:47:45,+1.46,0
09:47:45,+1.46,0
09:47:45,+1.49,0
09:47:45,+1.47,0
09:47:45,+1.45,0
09:47:45,+1.47,0
09:47:45,+1.44,0
09:47:45,+1.49,0
09:47:45,+1.50,0
09:47:45,+1.45,0
09:47:45,+1.49,0
09:47:46,+1.46,0
09:47:46,+1.46,0
09:47:46,+1.49,0
09:47:46,+1.46,0
09:47:46,+1.45,0
09:47:46,+1.45,0
09:47:46,+1.44,0
09:47:46,+1.47,0
09:47:46,+1.49,0
09:47:46,+1.49,0
09:47:46,+1.49,0
09:47:46,+1.48,0
09:47:46,+1.47,0
09:47:46,+1.45,0
09:47:46,+1.46,0
09:47:46,+1.45,0
09:47:46,+1.47,0
09:47:46,+1.44,0
09:47:46,+1.49,0
09:47:46,+1.49,0
09:47:47,+1.48,0
09:47:47,+1.49,0
09:47:47,+1.47,0
09:47:47,+1.46,0
09:47:47,+1.50,0
09:47:47,+1.45,0
09:47:47,+1.46,0
09:47:47,+1.48,0
09:47:47,+1.48,0
09:47:47,+1.49,0
09:47:47,+1.48,0
09:47:47,+1.47,0
09:47:47,+1.51,0
09:47:47,+1.47,0
09:47:47,+1.48,0
09:47:47,+1.49,0
09:47:47,+1.46,0
09:47:47,+1.47,0
09:47:47,+1.48,0
09:47:47,+1.45,0
09:47:48,+1.50,0
09:47:48,+1.49,0
09:47:48,+1.47,0
09:47:48,+1.51,0
09:47:48,+1.47,0
09:47:48,+1.49,0
09:47:48,+1.48,0
09:47:48,+1.46,0
09:47:48,+1.46,0
09:47:48,+1.48,0
09:47:48,+1.46,0
09:47:48,+1.50,0
09:47:48,+1.49,0
09:47:48,+1.47,0
09:47:48,+1.47,0
09:47:48,+1.47,0
09:47:48,+1.45,0
09:47:48,+1.46,0
09:47:48,+1.44,0
09:47:48,+1.49,0
09:47:48,+1.48,0
09:47:49,+1.45,0
09:47:49,+1.47,0
09:47:49,+1.46,0
09:47:49,+1.46,0
09:47:49,+1.47,0
09:47:49,+1.47,0
09:47:49,+1.48,0
09:47:49,+1.48,0
09:47:49,+1.44,0
09:47:49,+1.48,0
09:47:49,+1.45,0
09:47:49,+1.45,0
09:47:49,+1.48,0
09:47:49,+1.48,0
09:47:49,+1.47,0
09:47:49,+1.48,0
09:47:49,+1.46,0
09:47:49,+1.46,0
09:47:49,+1.45,0
09:47:49,+1.47,0
09:47:50,+1.47,0
09:47:50,+1.45,0
09:47:50,+1.45,0
09:47:50,+1.51,0
09:47:50,+1.49,0
09:47:50,+1.50,0
09:47:50,+1.48,0
09:47:50,+1.44,0
09:47:50,+1.48,0
09:47:50,+1.48,0
09:47:50,+1.47,0
09:47:50,+1.48,0
09:47:50,+1.48,0
09:47:50,+1.46,0
09:47:50,+1.51,0
09:47:50,+1.48,0
09:47:50,+1.48,0
09:47:50,+1.50,0
09:47:50,+1.46,0
09:47:50,+1.49,0
09:47:51,+1.48,0
09:47:51,+1.45,0
09:47:51,+1.48,0
09:47:51,+1.45,0
09:47:51,+1.46,0
09:47:51,+1.51,0
09:47:51,+1.48,0
09:47:51,+1.47,0
09:47:51,+1.47,0
09:47:51,+1.46,0
09:47:51,+1.46,0
09:47:51,+1.44,0
09:47:51,+1.44,0
09:47:51,+1.49,0
09:47:51,+1.47,0
09:47:51,+1.47,0
09:47:51,+1.50,0
09:47:51,+1.47,0
09:47:51,+1.47,0
09:47:51,+1.46,0
09:47:51,+1.46,0
09:47:52,+1.46,0
09:47:52,+1.44,0
09:47:52,+1.44,0
09:47:52,+1.49,0
09:47:52,+1.45,0
09:47:52,+1.48,0
09:47:52,+1.51,0
09:47:52,+1.48,0
09:47:52,+1.51,0
09:47:52,+1.47,0
09:47:52,+1.45,0
09:47:52,+1.49,0
09:47:52,+1.47,0
09:47:52,+1.48,0
09:47:52,+1.49,0
09:47:52,+1.49,0
09:47:52,+1.48,0
09:47:52,+1.51,0
09:47:52,+1.46,0
09:47:52,+1.48,0
09:47:53,+1.48,0
09:47:53,+1.46,0
09:47:53,+1.49,0
09:47:53,+1.44,0
09:47:53,+1.48,0
09:47:53,+1.48,0
09:47:53,+1.48,0
09:47:53,+1.47,0
09:47:53,+1.49,0
09:47:53,+1.45,0
09:47:53,+1.49,0
09:47:53,+1.46,0
09:47:53,+1.44,0
09:47:53,+1.49,0
09:47:53,+1.47,0
09:47:53,+1.49,0
09:47:53,+1.49,0
09:47:53,+1.48,0
09:47:53,+1.48,0
09:47:53,+1.51,0
09:47:54,+1.47,0
09:47:54,+1.49,0
09:47:54,+1.47,0
09:47:54,+1.46,0
09:47:54,+1.49,0
09:47:54,+1.44,0
09:47:54,+1.46,0
09:47:54,+1.49,0
09:47:54,+1.48,0
09:47:54,+1.48,0
09:47:54,+1.50,0
09:47:54,+1.46,0
09:47:54,+1.49,0
09:47:54,+1.47,0
09:47:54,+1.46,0
09:47:54,+1.47,0
09:47:54,+1.44,0
09:47:54,+1.46,0
09:47:54,+1.50,0
09:47:54,+1.48,0
09:47:54,+1.48,0
09:47:55,+1.47,0
09:47:55,+1.47,0
09:47:55,+1.51,0
09:47:55,+1.45,0
09:47:55,+1.47,0
09:47:55,+1.49,0
09:47:55,+1.43,0
09:47:55,+1.47,0
09:47:55,+1.50,0
09:47:55,+1.48,0
09:47:55,+1.47,0
09:47:55,+1.47,0
09:47:55,+1.45,0
09:47:55,+1.50,0
09:47:55,+1.46,0
09:47:55,+1.45,0
09:47:55,+1.47,0
09:47:55,+1.44,0
09:47:55,+1.48,0
09:47:55,+1.48,0
09:47:56,+1.48,0
09:47:56,+1.49,0
09:47:56,+1.48,0
09:47:56,+1.46,0
09:47:56,+1.48,0
09:47:56,+1.46,0
09:47:56,+1.46,0
09:47:56,+1.48,0
09:47:56,+1.47,0
09:47:56,+1.47,0
09:47:56,+1.48,0
09:47:56,+1.48,0
09:47:56,+1.49,0
09:47:56,+1.48,0
09:47:56,+1.47,0
09:47:56,+1.48,0
09:47:56,+1.46,0
09:47:56,+1.47,0
09:47:56,+1.50,0
09:47:56,+1.44,0
09:47:57,+1.47,0
09:47:57,+1.50,0
09:47:57,+1.49,0
09:47:57,+1.51,0
09:47:57,+1.47,0
09:47:57,+1.47,0
09:47:57,+1.48,0
09:47:57,+1.46,0
09:47:57,+1.46,0
09:47:57,+1.46,0
09:47:57,+1.44,0
09:47:57,+1.48,0
09:47:57,+1.47,0
09:47:57,+1.45,0
09:47:57,+1.47,0
09:47:57,+1.45,0
09:47:57,+1.44,0
09:47:57,+1.49,0
09:47:57,+1.45,0
09:47:57,+1.46,0
09:47:57,+1.46,0
09:47:58,+1.45,0
09:47:58,+1.49,0
09:47:58,+1.47,0
09:47:58,+1.47,0
09:47:58,+1.47,0
09:47:58,+1.48,0
09:47:58,+1.47,0
09:47:58,+1.47,0
09:47:58,+1.44,0
09:47:58,+1.46,0
09:47:58,+1.49,0
09:47:58,+1.47,0
09:47:58,+1.50,0
09:47:58,+1.47,0
09:47:58,+1.49,0
09:47:58,+1.47,0
09:47:58,+1.45,0
09:47:58,+1.47,0
09:47:58,+1.46,0
09:47:58,+1.43,0
09:47:59,+1.46,0
09:47:59,+1.49,0
09:47:59,+1.48,0
09:47:59,+1.48,0
09:47:59,+1.47,0
09:47:59,+1.45,0
09:47:59,+1.48,0
09:47:59,+1.48,0
09:47:59,+1.47,0
09:47:59,+1.47,0
09:47:59,+1.46,0
09:47:59,+1.48,0
09:47:59,+1.49,0
09:47:59,+1.48,0
09:47:59,+1.50,0
09:47:59,+1.47,0
09:47:59,+1.50,0
09:47:59,+1.50,0
09:47:59,+1.46,0
09:47:59,+1.47,0
09:48:00,+1.46,0
09:48:00,+1.44,0
09:48:00,+1.49,0
09:48:00,+1.49,0
09:48:00,+1.49,0
09:48:00,+1.51,0
09:48:00,+1.47,0
09:48:00,+1.48,0
09:48:00,+1.49,0
09:48:00,+1.46,0
09:48:00,+1.47,0
09:48:00,+1.46,0
09:48:00,+1.44,0
09:48:00,+1.49,0
09:48:00,+1.47,0
09:48:00,+1.44,0
09:48:00,+1.48,0
09:48:00,+1.48,0
09:48:00,+1.49,0
09:48:00,+1.46,0
09:48:00,+1.44,0
09:48:01,+1.45,0
09:48:01,+1.46,0
09:48:01,+1.44,0
09:48:01,+1.48,0
09:48:01,+1.45,0
09:48:01,+1.46,0
09:48:01,+1.48,0
09:48:01,+1.46,0
09:48:01,+1.45,0
09:48:01,+1.47,0
09:48:01,+1.46,0
09:48:01,+1.47,0
09:48:01,+1.47,0
09:48:01,+1.46,0
09:48:01,+1.49,0
09:48:01,+1.48,0
09:48:01,+1.49,0
09:48:01,+1.50,0
09:48:01,+1.46,0
09:48:01,+1.48,0
09:48:02,+1.48,0
09:48:02,+1.46,0
09:48:02,+1.47,0
09:48:02,+1.46,0
09:48:02,+1.45,0
09:48:02,+1.49,0
09:48:02,+1.48,0
09:48:02,+1.49,0
09:48:02,+1.50,0
09:48:02,+1.46,0
09:48:02,+1.50,0
09:48:02,+1.48,0
09:48:02,+1.45,0
09:48:02,+1.47,0
09:48:02,+1.45,0
09:48:02,+1.46,0
09:48:02,+1.47,0
09:48:02,+1.48,0
09:48:02,+1.50,0
09:48:02,+1.48,0
09:48:03,+1.46,0
09:48:03,+1.47,0
09:48:03,+1.47,0
09:48:03,+1.46,0
09:48:03,+1.47,0
09:48:03,+1.46,0
09:48:03,+1.45,0
09:48:03,+1.50,0
09:48:03,+1.49,0
09:48:03,+1.50,0
09:48:03,+1.47,0
09:48:03,+1.48,0
09:48:03,+1.46,0
09:48:03,+1.44,0
09:48:03,+1.44,0
09:48:03,+1.45,0
09:48:03,+1.45,0
09:48:03,+1.45,0
09:48:03,+1.49,0
09:48:03,+1.49,0
09:48:03,+1.46,0
09:48:04,+1.48,0
09:48:04,+1.45,0
09:48:04,+1.50,0
09:48:04,+1.46,0
09:48:04,+1.44,0
09:48:04,+1.46,0
09:48:04,+1.45,0
09:48:04,+1.46,0
09:48:04,+1.49,0
09:48:04,+1.46,0
09:48:04,+1.51,0
09:48:04,+1.49,0
09:48:04,+1.45,0
09:48:04,+1.46,0
09:48:04,+1.45,0
09:48:04,+1.45,0
09:48:04,+1.48,0
09:48:04,+1.47,0
09:48:04,+1.47,0
09:48:04,+1.50,0
09:48:05,+1.48,0
09:48:05,+1.50,0
09:48:05,+1.49,0
09:48:05,+1.46,0
09:48:05,+1.49,0
09:48:05,+1.43,0
09:48:05,+1.46,0
09:48:05,+1.48,0
09:48:05,+1.46,0
09:48:05,+1.47,0
09:48:05,+1.50,0
09:48:05,+1.46,0
09:48:05,+1.48,0
09:48:05,+1.46,0
09:48:05,+1.47,0
09:48:05,+1.48,0
09:48:05,+1.43,0
09:48:05,+1.45,0
09:48:05,+1.47,0
09:48:05,+1.44,0
09:48:06,+1.47,0
09:48:06,+1.48,0
09:48:06,+1.45,0
09:48:06,+1.51,0
09:48:06,+1.46,0
09:48:06,+1.46,0
09:48:06,+1.47,0
09:48:06,+1.46,0
09:48:06,+1.47,0
09:48:06,+1.47,0
09:48:06,+1.44,0
09:48:06,+1.48,0
09:48:06,+1.48,0
09:48:06,+1.48,0
09:48:06,+1.51,0
09:48:06,+1.48,0
09:48:06,+1.45,0
09:48:06,+1.48,0
09:48:06,+1.46,0
09:48:06,+1.47,0
09:48:06,+1.47,0
09:48:07,+1.46,0
09:48:07,+1.48,0
09:48:07,+1.50,0
09:48:07,+1.48,0
09:48:07,+1.46,0
09:48:07,+1.45,0
09:48:07,+1.46,0
09:48:07,+1.46,0
09:48:07,+1.45,0
09:48:07,+1.46,0
09:48:07,+1.49,0
09:48:07,+1.47,0
09:48:07,+1.46,0
09:48:07,+1.50,0
09:48:07,+1.48,0
09:48:07,+1.51,0
09:48:07,+1.47,0
09:48:07,+1.46,0
09:48:07,+1.48,0
09:48:07,+1.42,0
09:48:08,+1.46,0
09:48:08,+1.46,0
09:48:08,+1.44,0
09:48:08,+1.48,0
09:48:08,+1.47,0
09:48:08,+1.45,0
09:48:08,+1.46,0
09:48:08,+1.45,0
09:48:08,+1.47,0
09:48:08,+1.45,0
09:48:08,+1.46,0
09:48:08,+1.46,0
09:48:08,+1.46,0
09:48:08,+1.48,0
09:48:08,+1.47,0
09:48:08,+1.48,0
09:48:08,+1.47,0
09:48:08,+1.50,0
09:48:08,+1.46,0
09:48:08,+1.45,0
09:48:09,+1.48,0
09:48:09,+1.42,0
09:48:09,+1.46,0
09:48:09,+1.46,0
09:48:09,+1.48,0
09:48:09,+1.47,0
09:48:09,+1.49,0
09:48:09,+1.48,0
09:48:09,+1.46,0
09:48:09,+1.44,0
09:48:09,+1.45,0
09:48:09,+1.45,0
09:48:09,+1.46,0
09:48:09,+1.48,0
09:48:09,+1.47,0
09:48:09,+1.48,0
09:48:09,+1.49,0
09:48:09,+1.48,0
09:48:09,+1.47,0
09:48:09,+1.50,0
09:48:09,+1.45,0
09:48:10,+1.47,0
09:48:10,+1.49,0
09:48:10,+1.44,0
09:48:10,+1.46,0
09:48:10,+1.47,0
09:48:10,+1.48,0
09:48:10,+1.51,0
09:48:10,+1.46,0
09:48:10,+1.45,0
09:48:10,+1.47,0
09:48:10,+1.45,0
09:48:10,+1.47,0
09:48:10,+1.46,0
09:48:10,+1.45,0
09:48:10,+1.46,0
09:48:10,+1.47,0
09:48:10,+1.47,0
09:48:10,+1.49,0
09:48:10,+1.48,0
09:48:10,+1.47,0
09:48:11,+1.48,0
09:48:11,+1.43,0
09:48:11,+1.46,0
09:48:11,+1.47,0
09:48:11,+1.42,0
09:48:11,+1.49,0
09:48:11,+1.47,0
09:48:11,+1.48,0
09:48:11,+1.49,0
09:48:11,+1.45,0
09:48:11,+1.44,0
09:48:11,+1.49,0
09:48:11,+1.44,0
09:48:11,+1.46,0
09:48:11,+1.45,0
09:48:11,+1.46,0
09:48:11,+1.47,0
09:48:11,+1.46,0
09:48:11,+1.48,0
09:48:11,+1.50,0
09:48:12,+1.47,0
09:48:12,+1.47,0
09:48:12,+1.45,0
09:48:12,+1.43,0
09:48:12,+1.47,0
09:48:12,+1.49,0
09:48:12,+1.48,0
09:48:12,+1.48,0
09:48:12,+1.46,0
09:48:12,+1.45,0
09:48:12,+1.48,0
09:48:12,+1.45,0
09:48:12,+1.48,0
09:48:12,+1.47,0
09:48:12,+1.43,0
09:48:12,+1.48,0
09:48:12,+1.47,0
09:48:12,+1.44,0
09:48:12,+1.48,0
09:48:12,+1.46,0
09:48:12,+1.48,0
09:48:13,+1.51,0
09:48:13,+1.44,0
09:48:13,+1.46,0
09:48:13,+1.49,0
09:48:13,+1.45,0
09:48:13,+1.47,0
09:48:13,+1.46,0
09:48:13,+1.46,0
09:48:13,+1.49,0
09:48:13,+1.48,0
09:48:13,+1.48,0
09:48:13,+1.50,0
09:48:13,+1.43,0
09:48:13,+1.45,0
09:48:13,+1.48,0
09:48:13,+1.45,0
09:48:13,+1.46,0
09:48:13,+1.46,0
09:48:13,+1.47,0
09:48:13,+1.49,0
09:48:14,+1.46,0
09:48:14,+1.48,0
09:48:14,+1.47,0
09:48:14,+1.44,0
09:48:14,+1.48,0
09:48:14,+1.48,0
09:48:14,+1.46,0
09:48:14,+1.47,0
09:48:14,+1.47,0
09:48:14,+1.44,0
09:48:14,+1.48,0
09:48:14,+1.45,0
09:48:14,+1.48,0
09:48:14,+1.49,0
09:48:14,+1.43,0
09:48:14,+1.45,0
09:48:14,+1.48,0
09:48:14,+1.46,0
09:48:14,+1.49,0
09:48:14,+1.46,0
09:48:15,+1.47,0
09:48:15,+1.49,0
09:48:15,+1.46,0
09:48:15,+1.47,0
09:48:15,+1.47,0
09:48:15,+1.46,0
09:48:15,+1.48,0
09:48:15,+1.48,0
09:48:15,+1.46,0
09:48:15,+1.47,0
09:48:15,+1.49,0
09:48:15,+1.49,0
09:48:15,+1.50,0
09:48:15,+1.45,0
09:48:15,+1.47,0
09:48:15,+1.46,0
09:48:15,+1.44,0
09:48:15,+1.46,0
09:48:15,+1.45,0
09:48:15,+1.44,0
09:48:15,+1.48,0
09:48:16,+1.49,0
09:48:16,+1.49,0
09:48:16,+1.47,0
09:48:16,+1.46,0
09:48:16,+1.47,0
09:48:16,+1.45,0
09:48:16,+1.44,0
09:48:16,+1.46,0
09:48:16,+1.44,0
09:48:16,+1.45,0
09:48:16,+1.48,0
09:48:16,+1.46,0
09:48:16,+1.45,0
09:48:16,+1.47,0
09:48:16,+1.45,0
09:48:16,+1.47,0
09:48:16,+1.45,0
09:48:16,+1.44,0
09:48:16,+1.47,0
09:48:16,+1.49,0
09:48:17,+1.47,0
09:48:17,+1.48,0
09:48:17,+1.46,0
09:48:17,+1.47,0
09:48:17,+1.48,0
09:48:17,+1.45,0
09:48:17,+1.46,0
09:48:17,+1.47,0
09:48:17,+1.45,0
09:48:17,+1.46,0
09:48:17,+1.45,0
09:48:17,+1.46,0
09:48:17,+1.48,0
09:48:17,+1.45,0
09:48:17,+1.46,0
09:48:17,+1.47,0
09:48:17,+1.44,0
09:48:17,+1.45,0
09:48:17,+1.48,0
09:48:17,+1.43,0
09:48:18,+1.46,0
09:48:18,+1.45,0
09:48:18,+1.46,0
09:48:18,+1.48,0
09:48:18,+1.45,0
09:48:18,+1.48,0
09:48:18,+1.48,0
09:48:18,+1.45,0
09:48:18,+1.44,0
09:48:18,+1.45,0
09:48:18,+1.44,0
09:48:18,+1.46,0
09:48:18,+1.45,0
09:48:18,+1.47,0
09:48:18,+1.48,0
09:48:18,+1.46,0
09:48:18,+1.48,0
09:48:18,+1.46,0
09:48:18,+1.44,0
09:48:18,+1.46,0
09:48:18,+1.48,0
09:48:19,+1.44,0
09:48:19,+1.47,0
09:48:19,+1.48,0
09:48:19,+1.49,0
09:48:19,+1.48,0
09:48:19,+1.46,0
09:48:19,+1.49,0
09:48:19,+1.47,0
09:48:19,+1.46,0
09:48:19,+1.48,0
09:48:19,+1.48,0
09:48:19,+1.44,0
09:48:19,+1.47,0
09:48:19,+1.48,0
09:48:19,+1.49,0
09:48:19,+1.48,0
09:48:19,+1.46,0
09:48:19,+1.48,0
09:48:19,+1.45,0
09:48:19,+1.44,0
09:48:20,+1.45,0
09:48:20,+1.47,0
09:48:20,+1.46,0
09:48:20,+1.47,0
09:48:20,+1.48,0
09:48:20,+1.50,0
09:48:20,+1.50,0
09:48:20,+1.45,0
09:48:20,+1.46,0
09:48:20,+1.46,0
09:48:20,+1.46,0
09:48:20,+1.47,0
09:48:20,+1.46,0
09:48:20,+1.47,0
09:48:20,+1.49,0
09:48:20,+1.48,0
09:48:20,+1.50,0
09:48:20,+1.47,0
09:48:20,+1.45,0
09:48:20,+1.50,0
09:48:21,+1.47,0
09:48:21,+1.45,0
09:48:21,+1.47,0
09:48:21,+1.47,0
09:48:21,+1.47,0
09:48:21,+1.49,0
09:48:21,+1.49,0
09:48:21,+1.50,0
09:48:21,+1.47,0
09:48:21,+1.47,0
09:48:21,+1.49,0
09:48:21,+1.43,0
09:48:21,+1.45,0
09:48:21,+1.47,0
09:48:21,+1.44,0
09:48:21,+1.47,0
09:48:21,+1.47,0
09:48:21,+1.45,0
09:48:21,+1.49,0
09:48:21,+1.47,0
09:48:21,+1.46,0
09:48:22,+1.48,0
09:48:22,+1.45,0
09:48:22,+1.45,0
09:48:22,+1.46,0
09:48:22,+1.48,0
09:48:22,+1.47,0
09:48:22,+1.50,0
09:48:22,+1.48,0
09:48:22,+1.51,0
09:48:22,+1.49,0
09:48:22,+1.46,0
09:48:22,+1.50,0
09:48:22,+1.46,0
09:48:22,+1.46,0
09:48:22,+1.47,0
09:48:22,+1.44,0
09:48:22,+1.47,0
09:48:22,+1.49,0
09:48:22,+1.46,0
09:48:22,+1.48,0
09:48:23,+1.47,0
09:48:23,+1.46,0
09:48:23,+1.46,0
09:48:23,+1.43,0
09:48:23,+1.46,0
09:48:23,+1.47,0
09:48:23,+1.46,0
09:48:23,+1.47,0
09:48:23,+1.48,0
09:48:23,+1.48,0
09:48:23,+1.50,0
09:48:23,+1.47,0
09:48:23,+1.48,0
09:48:23,+1.50,0
09:48:23,+1.46,0
09:48:23,+1.47,0
09:48:23,+1.47,0
09:48:23,+1.47,0
09:48:23,+1.49,0
09:48:23,+1.48,0
09:48:24,+1.49,0
09:48:24,+1.47,0
09:48:24,+1.46,0
09:48:24,+1.46,0
09:48:24,+1.46,0
09:48:24,+1.45,0
09:48:24,+1.47,0
09:48:24,+1.47,0
09:48:24,+1.46,0
09:48:24,+1.47,0
09:48:24,+1.47,0
09:48:24,+1.48,0
09:48:24,+1.51,0
09:48:24,+1.47,0
09:48:24,+1.46,0
09:48:24,+1.50,0
09:48:24,+1.44,0
09:48:24,+1.46,0
09:48:24,+1.47,0
09:48:24,+1.47,0
09:48:25,+1.49,0
09:48:25,+1.48,0
09:48:25,+1.46,0
09:48:25,+1.47,0
09:48:25,+1.46,0
09:48:25,+1.45,0
09:48:25,+1.46,0
09:48:25,+1.45,0
09:48:25,+1.48,0
09:48:25,+1.47,0
09:48:25,+1.48,0
09:48:25,+1.50,0
09:48:25,+1.49,0
09:48:25,+1.46,0
09:48:25,+1.47,0
09:48:25,+1.46,0
09:48:25,+1.47,0
09:48:25,+1.48,0
09:48:25,+1.43,0
09:48:25,+1.47,0
09:48:25,+1.45,0
09:48:26,+1.48,0
09:48:26,+1.47,0
09:48:26,+1.47,0
09:48:26,+1.46,0
09:48:26,+1.49,0
09:48:26,+1.46,0
09:48:26,+1.46,0
09:48:26,+1.46,0
09:48:26,+1.44,0
09:48:26,+1.48,0
09:48:26,+1.47,0
09:48:26,+1.49,0
09:48:26,+1.50,0
09:48:26,+1.47,0
09:48:26,+1.46,0
09:48:26,+1.50,0
09:48:26,+1.46,0
09:48:26,+1.49,0
09:48:26,+1.48,0
09:48:26,+1.43,0
09:48:27,+1.48,0
09:48:27,+1.47,0
09:48:27,+1.46,0
09:48:27,+1.50,0
09:48:27,+1.48,0
09:48:27,+1.47,0
09:48:27,+1.47,0
09:48:27,+1.47,0
09:48:27,+1.49,0
09:48:27,+1.49,0
09:48:27,+1.47,0
09:48:27,+1.48,0
09:48:27,+1.47,0
09:48:27,+1.49,0
09:48:27,+1.50,0
09:48:27,+1.49,0
09:48:27,+1.51,0
09:48:27,+1.50,0
09:48:27,+1.47,0
09:48:27,+1.48,0
09:48:27,+1.47,0
09:48:28,+1.47,0
09:48:28,+1.50,0
09:48:28,+1.47,0
09:48:28,+1.48,0
09:48:28,+1.50,0
09:48:28,+1.47,0
09:48:28,+1.50,0
09:48:28,+1.50,0
09:48:28,+1.47,0
09:48:28,+1.48,0
09:48:28,+1.47,0
09:48:28,+1.47,0
09:48:28,+1.50,0
09:48:28,+1.47,0
09:48:28,+1.46,0
09:48:28,+1.51,0
09:48:28,+1.48,0
09:48:28,+1.47,0
09:48:28,+1.48,0
09:48:28,+1.46,0
09:48:29,+1.46,0
09:48:29,+1.45,0
09:48:29,+1.45,0
09:48:29,+1.48,0
09:48:29,+1.46,0
09:48:29,+1.50,0
09:48:29,+1.50,0
09:48:29,+1.47,0
09:48:29,+1.50,0
09:48:29,+1.49,0
09:48:29,+1.46,0
09:48:29,+1.48,0
09:48:29,+1.47,0
09:48:29,+1.47,0
09:48:29,+1.49,0
09:48:29,+1.47,0
09:48:29,+1.50,0
09:48:29,+1.50,0
09:48:29,+1.48,0
09:48:29,+1.47,0
09:48:30,+1.46,0
09:48:30,+1.46,0
09:48:30,+1.48,0
09:48:30,+1.49,0
09:48:30,+1.48,0
09:48:30,+1.50,0
09:48:30,+1.47,0
09:48:30,+1.51,0
09:48:30,+1.51,0
09:48:30,+1.49,0
09:48:30,+1.51,0
09:48:30,+1.47,0
09:48:30,+1.48,0
09:48:30,+1.50,0
09:48:30,+1.48,0
09:48:30,+1.46,0
09:48:30,+1.48,0
09:48:30,+1.46,0
09:48:30,+1.50,0
09:48:30,+1.50,0
09:48:31,+1.46,0
09:48:31,+1.48,0
09:48:31,+1.48,0
09:48:31,+1.48,0
09:48:31,+1.47,0
09:48:31,+1.45,0
09:48:31,+1.47,0
09:48:31,+1.48,0
09:48:31,+1.46,0
09:48:31,+1.49,0
09:48:31,+1.50,0
09:48:31,+1.46,0
09:48:31,+1.48,0
09:48:31,+1.48,0
09:48:31,+1.46,0
09:48:31,+1.47,0
09:48:31,+1.45,0
09:48:31,+1.47,0
09:48:31,+1.51,0
09:48:31,+1.50,0
09:48:31,+1.50,0
09:48:32,+1.48,0
09:48:32,+1.48,0
09:48:32,+1.51,0
09:48:32,+1.48,0
09:48:32,+1.47,0
09:48:32,+1.47,0
09:48:32,+1.45,0
09:48:32,+1.48,0
09:48:32,+1.51,0
09:48:32,+1.50,0
09:48:32,+1.51,0
09:48:32,+1.48,0
09:48:32,+1.51,0
09:48:32,+1.50,0
09:48:32,+1.48,0
09:48:32,+1.48,0
09:48:32,+1.48,0
09:48:32,+1.45,0
09:48:32,+1.50,0
09:48:32,+1.51,0
09:48:33,+1.47,0
09:48:33,+1.51,0
09:48:33,+1.48,0
09:48:33,+1.51,0
09:48:33,+1.50,0
09:48:33,+1.48,0
09:48:33,+1.47,0
09:48:33,+1.49,0
09:48:33,+1.46,0
09:48:33,+1.48,0
09:48:33,+1.51,0
09:48:33,+1.48,0
09:48:33,+1.50,0
09:48:33,+1.49,0
09:48:33,+1.50,0
09:48:33,+1.52,0
09:48:33,+1.48,0
09:48:33,+1.48,0
09:48:33,+1.50,0
09:48:33,+1.49,0
09:48:33,+1.49,0
09:48:34,+1.49,0
09:48:34,+1.49,0
09:48:34,+1.51,0
09:48:34,+1.47,0
09:48:34,+1.49,0
09:48:34,+1.48,0
09:48:34,+1.48,0
09:48:34,+1.48,0
09:48:34,+1.46,0
09:48:34,+1.46,0
09:48:34,+1.49,0
09:48:34,+1.51,0
09:48:34,+1.52,0
09:48:34,+1.51,0
09:48:34,+1.48,0
09:48:34,+1.49,0
09:48:34,+1.48,0
09:48:34,+1.48,0
09:48:34,+1.49,0
09:48:34,+1.49,0
09:48:35,+1.50,0
09:48:35,+1.50,0
09:48:35,+1.51,0
09:48:35,+1.48,0
09:48:35,+1.51,0
09:48:35,+1.50,0
09:48:35,+1.52,0
09:48:35,+1.48,0
09:48:35,+1.47,0
09:48:35,+1.52,0
09:48:35,+1.50,0
09:48:35,+1.50,0
09:48:35,+1.51,0
09:48:35,+1.50,0
09:48:35,+1.49,0
09:48:35,+1.51,0
09:48:35,+1.51,0
09:48:35,+1.52,0
09:48:35,+1.52,0
09:48:35,+1.48,0
09:48:36,+1.51,0
09:48:36,+1.49,0
09:48:36,+1.51,0
09:48:36,+1.51,0
09:48:36,+1.50,0
09:48:36,+1.53,0
09:48:36,+1.50,0
09:48:36,+1.48,0
09:48:36,+1.54,0
09:48:36,+1.49,0
09:48:36,+1.49,0
09:48:36,+1.50,0
09:48:36,+1.48,0
09:48:36,+1.49,0
09:48:36,+1.53,0
09:48:36,+1.51,0
09:48:36,+1.51,0
09:48:36,+1.53,0
09:48:36,+1.50,0
09:48:36,+1.49,0
09:48:37,+1.48,0
09:48:37,+1.49,0
09:48:37,+1.51,0
09:48:37,+1.46,0
09:48:37,+1.48,0
09:48:37,+1.50,0
09:48:37,+1.51,0
09:48:37,+1.53,0
09:48:37,+1.50,0
09:48:37,+1.48,0
09:48:37,+1.52,0
09:48:37,+1.49,0
09:48:37,+1.49,0
09:48:37,+1.50,0
09:48:37,+1.50,0
09:48:37,+1.50,0
09:48:37,+1.51,0
09:48:37,+1.50,0
09:48:37,+1.52,0
09:48:37,+1.53,0
09:48:37,+1.51,0
09:48:38,+1.51,0
09:48:38,+1.48,0
09:48:38,+1.50,0
09:48:38,+1.52,0
09:48:38,+1.47,0
09:48:38,+1.49,0
09:48:38,+1.50,0
09:48:38,+1.48,0
09:48:38,+1.52,0
09:48:38,+1.50,0
09:48:38,+1.48,0
09:48:38,+1.51,0
09:48:38,+1.47,0
09:48:38,+1.49,0
09:48:38,+1.49,0
09:48:38,+1.48,0
09:48:38,+1.49,0
09:48:38,+1.50,0
09:48:38,+1.52,0
09:48:38,+1.54,0
09:48:39,+1.50,0
09:48:39,+1.48,0
09:48:39,+1.53,0
09:48:39,+1.49,0
09:48:39,+1.50,0
09:48:39,+1.50,0
09:48:39,+1.50,0
09:48:39,+1.52,0
09:48:39,+1.53,0
09:48:39,+1.52,0
09:48:39,+1.51,0
09:48:39,+1.53,0
09:48:39,+1.52,0
09:48:39,+1.49,0
09:48:39,+1.49,0
09:48:39,+1.52,0
09:48:39,+1.52,0
09:48:39,+1.50,0
09:48:39,+1.51,0
09:48:39,+1.51,0
09:48:39,+1.48,0
09:48:40,+1.53,0
09:48:40,+1.49,0
09:48:40,+1.49,0
09:48:40,+1.50,0
09:48:40,+1.49,0
09:48:40,+1.51,0
09:48:40,+1.48,0
09:48:40,+1.47,0
09:48:40,+1.51,0
09:48:40,+1.50,0
09:48:40,+1.52,0
09:48:40,+1.53,0
09:48:40,+1.52,0
09:48:40,+1.52,0
09:48:40,+1.54,0
09:48:40,+1.48,0
09:48:40,+1.51,0
09:48:40,+1.49,0
09:48:40,+1.48,0
09:48:40,+1.53,0
09:48:41,+1.53,0
09:48:41,+1.52,0
09:48:41,+1.52,0
09:48:41,+1.50,0
09:48:41,+1.53,0
09:48:41,+1.54,0
09:48:41,+1.50,0
09:48:41,+1.51,0
09:48:41,+1.53,0
09:48:41,+1.51,0
09:48:41,+1.53,0
09:48:41,+1.51,0
09:48:41,+1.54,0
09:48:41,+1.54,0
09:48:41,+1.51,0
09:48:41,+1.54,0
09:48:41,+1.50,0
09:48:41,+1.50,0
09:48:41,+1.52,0
09:48:41,+1.51,0
09:48:42,+1.48,0
09:48:42,+1.53,0
09:48:42,+1.51,0
09:48:42,+1.50,0
09:48:42,+1.54,0
09:48:42,+1.50,0
09:48:42,+1.52,0
09:48:42,+1.52,0
09:48:42,+1.49,0
09:48:42,+1.52,0
09:48:42,+1.50,0
09:48:42,+1.52,0
09:48:42,+1.54,0
09:48:42,+1.51,0
09:48:42,+1.54,0
09:48:42,+1.54,0
09:48:42,+1.53,0
09:48:42,+1.55,0
09:48:42,+1.53,0
09:48:42,+1.51,0
09:48:43,+1.53,0
09:48:43,+1.50,0
09:48:43,+1.52,0
09:48:43,+1.53,0
09:48:43,+1.51,0
09:48:43,+1.52,0
09:48:43,+1.55,0
09:48:43,+1.53,0
09:48:43,+1.55,0
09:48:43,+1.52,0
09:48:43,+1.51,0
09:48:43,+1.53,0
09:48:43,+1.52,0
09:48:43,+1.52,0
09:48:43,+1.54,0
09:48:43,+1.51,0
09:48:43,+1.55,0
09:48:43,+1.55,0
09:48:43,+1.53,0
09:48:43,+1.56,0
09:48:43,+1.52,0
09:48:44,+1.51,0
09:48:44,+1.53,0
09:48:44,+1.51,0
09:48:44,+1.51,0
09:48:44,+1.53,0
09:48:44,+1.50,0
09:48:44,+1.53,0
09:48:44,+1.55,0
09:48:44,+1.50,0
09:48:44,+1.52,0
09:48:44,+1.52,0
09:48:44,+1.53,0
09:48:44,+1.50,0
09:48:44,+1.49,0
09:48:44,+1.51,0
09:48:44,+1.52,0
09:48:44,+1.54,0
09:48:44,+1.54,0
09:48:44,+1.53,0
09:48:44,+1.52,0
09:48:45,+1.52,0
09:48:45,+1.52,0
09:48:45,+1.51,0
09:48:45,+1.51,0
09:48:45,+1.50,0
09:48:45,+1.52,0
09:48:45,+1.52,0
09:48:45,+1.51,0
09:48:45,+1.55,0
09:48:45,+1.53,0
09:48:45,+1.54,0
09:48:45,+1.56,0
09:48:45,+1.53,0
09:48:45,+1.53,0
09:48:45,+1.53,0
09:48:45,+1.50,0
09:48:45,+1.54,0
09:48:45,+1.56,0
09:48:45,+1.51,0
09:48:45,+1.56,0
09:48:45,+1.55,0
09:48:46,+1.52,0
09:48:46,+1.53,0
09:48:46,+1.52,0
09:48:46,+1.52,0
09:48:46,+1.51,0
09:48:46,+1.50,0
09:48:46,+1.54,0
09:48:46,+1.52,0
09:48:46,+1.52,0
09:48:46,+1.55,0
09:48:46,+1.53,0
09:48:46,+1.55,0
09:48:46,+1.55,0
09:48:46,+1.53,0
09:48:46,+1.54,0
09:48:46,+1.53,0
09:48:46,+1.53,0
09:48:46,+1.54,0
09:48:46,+1.52,0
09:48:46,+1.55,0
09:48:47,+1.55,0
09:48:47,+1.53,0
09:48:47,+1.53,0
09:48:47,+1.54,0
09:48:47,+1.54,0
09:48:47,+1.55,0
09:48:47,+1.50,0
09:48:47,+1.52,0
09:48:47,+1.53,0
09:48:47,+1.55,0
09:48:47,+1.52,0
09:48:47,+1.55,0
09:48:47,+1.52,0
09:48:47,+1.55,0
09:48:47,+1.54,0
09:48:47,+1.52,0
09:48:47,+1.53,0
09:48:47,+1.53,0
09:48:47,+1.52,0
09:48:47,+1.53,0
09:48:48,+1.55,0
09:48:48,+1.53,0
09:48:48,+1.55,0
09:48:48,+1.55,0
09:48:48,+1.58,0
09:48:48,+1.54,0
09:48:48,+1.55,0
09:48:48,+1.53,0
09:48:48,+1.52,0
09:48:48,+1.54,0
09:48:48,+1.56,0
09:48:48,+1.55,0
09:48:48,+1.55,0
09:48:48,+1.55,0
09:48:48,+1.53,0
09:48:48,+1.57,0
09:48:48,+1.54,0
09:48:48,+1.53,0
09:48:48,+1.54,0
09:48:48,+1.53,0
09:48:49,+1.56,0
09:48:49,+1.54,0
09:48:49,+1.53,0
09:48:49,+1.56,0
09:48:49,+1.57,0
09:48:49,+1.56,0
09:48:49,+1.59,0
09:48:49,+1.55,0
09:48:49,+1.54,0
09:48:49,+1.55,0
09:48:49,+1.54,0
09:48:49,+1.55,0
09:48:49,+1.54,0
09:48:49,+1.55,0
09:48:49,+1.57,0
09:48:49,+1.56,0
09:48:49,+1.57,0
09:48:49,+1.58,0
09:48:49,+1.55,0
09:48:49,+1.55,0
09:48:49,+1.58,0
09:48:50,+1.54,0
09:48:50,+1.56,0
09:48:50,+1.54,0
09:48:50,+1.55,0
09:48:50,+1.58,0
09:48:50,+1.57,0
09:48:50,+1.58,0
09:48:50,+1.58,0
09:48:50,+1.56,0
09:48:50,+1.56,0
09:48:50,+1.57,0
09:48:50,+1.55,0
09:48:50,+1.56,0
09:48:50,+1.54,0
09:48:50,+1.54,0
09:48:50,+1.58,0
09:48:50,+1.57,0
09:48:50,+1.58,0
09:48:50,+1.58,0
09:48:50,+1.56,0
09:48:51,+1.56,0
09:48:51,+1.56,0
09:48:51,+1.55,0
09:48:51,+1.58,0
09:48:51,+1.55,0
09:48:51,+1.54,0
09:48:51,+1.59,0
09:48:51,+1.57,0
09:48:51,+1.59,0
09:48:51,+1.58,0
09:48:51,+1.56,0
09:48:51,+1.58,0
09:48:51,+1.58,0
09:48:51,+1.55,0
09:48:51,+1.57,0
09:48:51,+1.55,0
09:48:51,+1.56,0
09:48:51,+1.59,0
09:48:51,+1.57,0
09:48:51,+1.56,0
09:48:51,+1.58,0
09:48:52,+1.53,0
09:48:52,+1.57,0
09:48:52,+1.55,0
09:48:52,+1.54,0
09:48:52,+1.56,0
09:48:52,+1.53,0
09:48:52,+1.56,0
09:48:52,+1.56,0
09:48:52,+1.54,0
09:48:52,+1.58,0
09:48:52,+1.57,0
09:48:52,+1.57,0
09:48:52,+1.57,0
09:48:52,+1.56,0
09:48:52,+1.57,0
09:48:52,+1.57,0
09:48:52,+1.54,0
09:48:52,+1.55,0
09:48:52,+1.59,0
09:48:52,+1.57,0
09:48:53,+1.58,0
09:48:53,+1.57,0
09:48:53,+1.59,0
09:48:53,+1.59,0
09:48:53,+1.55,0
09:48:53,+1.57,0
09:48:53,+1.57,0
09:48:53,+1.54,0
09:48:53,+1.59,0
09:48:53,+1.57,0
09:48:53,+1.54,0
09:48:53,+1.58,0
09:48:53,+1.58,0
09:48:53,+1.56,0
09:48:53,+1.59,0
09:48:53,+1.56,0
09:48:53,+1.55,0
09:48:53,+1.59,0
09:48:53,+1.55,0
09:48:53,+1.59,0
09:48:54,+1.60,0
09:48:54,+1.58,0
09:48:54,+1.59,0
09:48:54,+1.60,0
09:48:54,+1.60,0
09:48:54,+1.58,0
09:48:54,+1.56,0
09:48:54,+1.59,0
09:48:54,+1.57,0
09:48:54,+1.56,0
09:48:54,+1.57,0
09:48:54,+1.56,0
09:48:54,+1.56,0
09:48:54,+1.58,0
09:48:54,+1.56,0
09:48:54,+1.57,0
09:48:54,+1.59,0
09:48:54,+1.57,0
09:48:54,+1.60,0
09:48:54,+1.60,0
09:48:55,+1.55,0
09:48:55,+1.57,0
09:48:55,+1.56,0
09:48:55,+1.57,0
09:48:55,+1.59,0
09:48:55,+1.56,0
09:48:55,+1.57,0
09:48:55,+1.59,0
09:48:55,+1.57,0
09:48:55,+1.57,0
09:48:55,+1.58,0
09:48:55,+1.58,0
09:48:55,+1.57,0
09:48:55,+1.56,0
09:48:55,+1.58,0
09:48:55,+1.60,0
09:48:55,+1.57,0
09:48:55,+1.58,0
09:48:55,+1.60,0
09:48:55,+1.58,0
09:48:55,+1.58,0
09:48:56,+1.59,0
09:48:56,+1.59,0
09:48:56,+1.61,0
09:48:56,+1.57,0
09:48:56,+1.58,0
09:48:56,+1.61,0
09:48:56,+1.61,0
09:48:56,+1.62,0
09:48:56,+1.60,0
09:48:56,+1.59,0
09:48:56,+1.62,0
09:48:56,+1.59,0
09:48:56,+1.60,0
09:48:56,+1.60,0
09:48:56,+1.57,0
09:48:56,+1.60,0
09:48:56,+1.59,0
09:48:56,+1.58,0
09:48:56,+1.61,0
09:48:56,+1.60,0
09:48:57,+1.59,0
09:48:57,+1.60,0
09:48:57,+1.60,0
09:48:57,+1.61,0
09:48:57,+1.61,0
09:48:57,+1.58,0
09:48:57,+1.61,0
09:48:57,+1.61,0
09:48:57,+1.58,0
09:48:57,+1.60,0
09:48:57,+1.61,0
09:48:57,+1.60,0
09:48:57,+1.64,0
09:48:57,+1.60,0
09:48:57,+1.62,0
09:48:57,+1.61,0
09:48:57,+1.59,0
09:48:57,+1.60,0
09:48:57,+1.61,0
09:48:57,+1.60,0
09:48:57,+1.62,0
09:48:58,+1.61,0
09:48:58,+1.61,0
09:48:58,+1.64,0
09:48:58,+1.60,0
09:48:58,+1.64,0
09:48:58,+1.61,0
09:48:58,+1.60,0
09:48:58,+1.61,0
09:48:58,+1.60,0
09:48:58,+1.60,0
09:48:58,+1.62,0
09:48:58,+1.61,0
09:48:58,+1.61,0
09:48:58,+1.62,0
09:48:58,+1.61,0
09:48:58,+1.63,0
09:48:58,+1.60,0
09:48:58,+1.60,0
09:48:58,+1.63,0
09:48:58,+1.59,0
09:48:59,+1.59,0
09:48:59,+1.61,0
09:48:59,+1.62,0
09:48:59,+1.63,0
09:48:59,+1.63,0
09:48:59,+1.62,0
09:48:59,+1.65,0
09:48:59,+1.61,0
09:48:59,+1.60,0
09:48:59,+1.64,0
09:48:59,+1.58,0
09:48:59,+1.60,0
09:48:59,+1.62,0
09:48:59,+1.62,0
09:48:59,+1.64,0
09:48:59,+1.64,0
09:48:59,+1.60,0
09:48:59,+1.61,0
09:48:59,+1.61,0
09:48:59,+1.62,0
09:49:00,+1.60,0
09:49:00,+1.58,0
09:49:00,+1.62,0
09:49:00,+1.62,0
09:49:00,+1.60,0
09:49:00,+1.64,0
09:49:00,+1.61,0
09:49:00,+1.61,0
09:49:00,+1.64,0
09:49:00,+1.61,0
09:49:00,+1.61,0
09:49:00,+1.60,0
09:49:00,+1.60,0
09:49:00,+1.62,0
09:49:00,+1.62,0
09:49:00,+1.60,0
09:49:00,+1.65,0
09:49:00,+1.62,0
09:49:00,+1.64,0
09:49:00,+1.66,0
09:49:01,+1.62,0
09:49:01,+1.63,0
09:49:01,+1.61,0
09:49:01,+1.62,0
09:49:01,+1.64,0
09:49:01,+1.62,0
09:49:01,+1.64,0
09:49:01,+1.66,0
09:49:01,+1.64,0
09:49:01,+1.66,0
09:49:01,+1.66,0
09:49:01,+1.63,0
09:49:01,+1.63,0
09:49:01,+1.63,0
09:49:01,+1.62,0
09:49:01,+1.64,0
09:49:01,+1.64,0
09:49:01,+1.64,0
09:49:01,+1.66,0
09:49:01,+1.65,0
09:49:01,+1.67,0
09:49:02,+1.65,0
09:49:02,+1.63,0
09:49:02,+1.64,0
09:49:02,+1.62,0
09:49:02,+1.61,0
09:49:02,+1.66,0
09:49:02,+1.61,0
09:49:02,+1.65,0
09:49:02,+1.64,0
09:49:02,+1.63,0
09:49:02,+1.66,0
09:49:02,+1.65,0
09:49:02,+1.64,0
09:49:02,+1.64,0
09:49:02,+1.61,0
09:49:02,+1.62,0
09:49:02,+1.66,0
09:49:02,+1.64,0
09:49:02,+1.65,0
09:49:02,+1.64,0
09:49:03,+1.63,0
09:49:03,+1.67,0
09:49:03,+1.65,0
09:49:03,+1.63,0
09:49:03,+1.65,0
09:49:03,+1.63,0
09:49:03,+1.65,0
09:49:03,+1.67,0
09:49:03,+1.61,0
09:49:03,+1.66,0
09:49:03,+1.67,0
09:49:03,+1.67,0
09:49:03,+1.67,0
09:49:03,+1.65,0
09:49:03,+1.65,0
09:49:03,+1.67,0
09:49:03,+1.65,0
09:49:03,+1.65,0
09:49:03,+1.64,0
09:49:03,+1.62,0
09:49:03,+1.66,0
09:49:04,+1.64,0
09:49:04,+1.63,0
09:49:04,+1.67,0
09:49:04,+1.65,0
09:49:04,+1.64,0
09:49:04,+1.67,0
09:49:04,+1.64,0
09:49:04,+1.67,0
09:49:04,+1.67,0
09:49:04,+1.64,0
09:49:04,+1.66,0
09:49:04,+1.64,0
09:49:04,+1.65,0
09:49:04,+1.68,0
09:49:04,+1.65,0
09:49:04,+1.67,0
09:49:04,+1.68,0
09:49:04,+1.65,0
09:49:04,+1.67,0
09:49:04,+1.65,0
09:49:05,+1.65,0
09:49:05,+1.68,0
09:49:05,+1.68,0
09:49:05,+1.68,0
09:49:05,+1.69,0
09:49:05,+1.65,0
09:49:05,+1.71,0
09:49:05,+1.68,0
09:49:05,+1.65,0
09:49:05,+1.68,0
09:49:05,+1.66,0
09:49:05,+1.67,0
09:49:05,+1.68,0
09:49:05,+1.65,0
09:49:05,+1.66,0
09:49:05,+1.69,0
09:49:05,+1.69,0
09:49:05,+1.67,0
09:49:05,+1.67,0
09:49:05,+1.68,0
09:49:06,+1.69,0
09:49:06,+1.67,0
09:49:06,+1.65,0
09:49:06,+1.66,0
09:49:06,+1.65,0
09:49:06,+1.67,0
09:49:06,+1.70,0
09:49:06,+1.67,0
09:49:06,+1.72,0
09:49:06,+1.68,0
09:49:06,+1.66,0
09:49:06,+1.68,0
09:49:06,+1.67,0
09:49:06,+1.69,0
09:49:06,+1.65,0
09:49:06,+1.65,0
09:49:06,+1.68,0
09:49:06,+1.70,0
09:49:06,+1.67,0
09:49:06,+1.72,0
09:49:07,+1.68,0
09:49:07,+1.67,0
09:49:07,+1.66,0
09:49:07,+1.67,0
09:49:07,+1.67,0
09:49:07,+1.67,0
09:49:07,+1.67,0
09:49:07,+1.68,0
09:49:07,+1.69,0
09:49:07,+1.68,0
09:49:07,+1.72,0
09:49:07,+1.68,0
09:49:07,+1.68,0
09:49:07,+1.70,0
09:49:07,+1.67,0
09:49:07,+1.69,0
09:49:07,+1.68,0
09:49:07,+1.69,0
09:49:07,+1.69,0
09:49:07,+1.69,0
09:49:07,+1.67,0
09:49:08,+1.69,0
09:49:08,+1.69,0
09:49:08,+1.68,0
09:49:08,+1.69,0
09:49:08,+1.68,0
09:49:08,+1.68,0
09:49:08,+1.66,0
09:49:08,+1.68,0
09:49:08,+1.69,0
09:49:08,+1.66,0
09:49:08,+1.68,0
09:49:08,+1.72,0
09:49:08,+1.70,0
09:49:08,+1.73,0
09:49:08,+1.69,0
09:49:08,+1.67,0
09:49:08,+1.69,0
09:49:08,+1.66,0
09:49:08,+1.69,0
09:49:08,+1.70,0
09:49:09,+1.66,0
09:49:09,+1.69,0
09:49:09,+1.70,0
09:49:09,+1.68,0
09:49:09,+1.71,0
09:49:09,+1.69,0
09:49:09,+1.70,0
09:49:09,+1.73,0
09:49:09,+1.68,0
09:49:09,+1.68,0
09:49:09,+1.71,0
09:49:09,+1.66,0
09:49:09,+1.70,0
09:49:09,+1.71,0
09:49:09,+1.72,0
09:49:09,+1.72,0
09:49:09,+1.70,0
09:49:09,+1.72,0
09:49:09,+1.72,0
09:49:09,+1.67,0
09:49:09,+1.70,0
09:49:10,+1.73,0
09:49:10,+1.71,0
09:49:10,+1.71,0
09:49:10,+1.71,0
09:49:10,+1.72,0
09:49:10,+1.73,0
09:49:10,+1.72,0
09:49:10,+1.73,0
09:49:10,+1.73,0
09:49:10,+1.68,0
09:49:10,+1.72,0
09:49:10,+1.74,0
09:49:10,+1.69,0
09:49:10,+1.72,0
09:49:10,+1.71,0
09:49:10,+1.70,0
09:49:10,+1.75,0
09:49:10,+1.71,0
09:49:10,+1.71,0
09:49:10,+1.73,0
09:49:11,+1.70,0
09:49:11,+1.73,0
09:49:11,+1.74,0
09:49:11,+1.72,0
09:49:11,+1.74,0
09:49:11,+1.72,0
09:49:11,+1.74,0
09:49:11,+1.75,0
09:49:11,+1.71,0
09:49:11,+1.72,0
09:49:11,+1.73,0
09:49:11,+1.71,0
09:49:11,+1.75,0
09:49:11,+1.74,0
09:49:11,+1.73,0
09:49:11,+1.74,0
09:49:11,+1.72,0
09:49:11,+1.72,0
09:49:11,+1.76,0
09:49:11,+1.74,0
09:49:12,+1.73,0
09:49:12,+1.72,0
09:49:12,+1.73,0
09:49:12,+1.72,0
09:49:12,+1.70,0
09:49:12,+1.72,0
09:49:12,+1.76,0
09:49:12,+1.74,0
09:49:12,+1.75,0
09:49:12,+1.75,0
09:49:12,+1.72,0
09:49:12,+1.75,0
09:49:12,+1.75,0
09:49:12,+1.72,0
09:49:12,+1.73,0
09:49:12,+1.71,0
09:49:12,+1.72,0
09:49:12,+1.76,0
09:49:12,+1.72,0
09:49:12,+1.77,0
09:49:12,+1.77,0
09:49:13,+1.77,0
09:49:13,+1.77,0
09:49:13,+1.75,0
09:49:13,+1.72,0
09:49:13,+1.76,0
09:49:13,+1.75,0
09:49:13,+1.75,0
09:49:13,+1.75,0
09:49:13,+1.73,0
09:49:13,+1.78,0
09:49:13,+1.78,0
09:49:13,+1.74,0
09:49:13,+1.76,0
09:49:13,+1.76,0
09:49:13,+1.77,0
09:49:13,+1.78,0
09:49:13,+1.74,0
09:49:13,+1.75,0
09:49:13,+1.76,0
09:49:13,+1.74,0
09:49:14,+1.77,0
09:49:14,+1.76,0
09:49:14,+1.75,0
09:49:14,+1.77,0
09:49:14,+1.75,0
09:49:14,+1.75,0
09:49:14,+1.75,0
09:49:14,+1.74,0
09:49:14,+1.74,0
09:49:14,+1.75,0
09:49:14,+1.74,0
09:49:14,+1.76,0
09:49:14,+1.74,0
09:49:14,+1.76,0
09:49:14,+1.78,0
09:49:14,+1.76,0
09:49:14,+1.78,0
09:49:14,+1.77,0
09:49:14,+1.75,0
09:49:14,+1.77,0
09:49:15,+1.75,0
09:49:15,+1.75,0
09:49:15,+1.76,0
09:49:15,+1.78,0
09:49:15,+1.79,0
09:49:15,+1.80,0
09:49:15,+1.77,0
09:49:15,+1.79,0
09:49:15,+1.78,0
09:49:15,+1.77,0
09:49:15,+1.78,0
09:49:15,+1.75,0
09:49:15,+1.78,0
09:49:15,+1.80,0
09:49:15,+1.79,0
09:49:15,+1.80,0
09:49:15,+1.80,0
09:49:15,+1.77,0
09:49:15,+1.82,0
09:49:15,+1.78,0
09:49:16,+1.78,0
09:49:16,+1.79,0
09:49:16,+1.77,0
09:49:16,+1.79,0
09:49:16,+1.77,0
09:49:16,+1.78,0
09:49:16,+1.80,0
09:49:16,+1.80,0
09:49:16,+1.77,0
09:49:16,+1.80,0
09:49:16,+1.77,0
09:49:16,+1.80,0
09:49:16,+1.79,0
09:49:16,+1.77,0
09:49:16,+1.81,0
09:49:16,+1.80,0
09:49:16,+1.80,0
09:49:16,+1.80,0
09:49:16,+1.80,0
09:49:16,+1.80,0
09:49:16,+1.83,0
09:49:17,+1.80,0
09:49:17,+1.79,0
09:49:17,+1.79,0
09:49:17,+1.79,0
09:49:17,+1.82,0
09:49:17,+1.79,0
09:49:17,+1.80,0
09:49:17,+1.80,0
09:49:17,+1.80,0
09:49:17,+1.80,0
09:49:17,+1.81,0
09:49:17,+1.80,0
09:49:17,+1.81,0
09:49:17,+1.81,0
09:49:17,+1.78,0
09:49:17,+1.79,0
09:49:17,+1.77,0
09:49:17,+1.78,0
09:49:17,+1.83,0
09:49:17,+1.81,0
09:49:18,+1.81,0
09:49:18,+1.83,0
09:49:18,+1.81,0
09:49:18,+1.85,0
09:49:18,+1.80,0
09:49:18,+1.79,0
09:49:18,+1.84,0
09:49:18,+1.80,0
09:49:18,+1.81,0
09:49:18,+1.81,0
09:49:18,+1.79,0
09:49:18,+1.82,0
09:49:18,+1.83,0
09:49:18,+1.82,0
09:49:18,+1.83,0
09:49:18,+1.83,0
09:49:18,+1.82,0
09:49:18,+1.84,0
09:49:18,+1.81,0
09:49:18,+1.81,0
09:49:19,+1.81,0
09:49:19,+1.82,0
09:49:19,+1.83,0
09:49:19,+1.81,0
09:49:19,+1.80,0
09:49:19,+1.84,0
09:49:19,+1.82,0
09:49:19,+1.84,0
09:49:19,+1.83,0
09:49:19,+1.78,0
09:49:19,+1.82,0
09:49:19,+1.84,0
09:49:19,+1.82,0
09:49:19,+1.83,0
09:49:19,+1.81,0
09:49:19,+1.85,0
09:49:19,+1.85,0
09:49:19,+1.83,0
09:49:19,+1.85,0
09:49:19,+1.85,0
09:49:19,+1.80,0
09:49:20,+1.83,0
09:49:20,+1.81,0
09:49:20,+1.82,0
09:49:20,+1.83,0
09:49:20,+1.81,0
09:49:20,+1.82,0
09:49:20,+1.86,0
09:49:20,+1.83,0
09:49:20,+1.82,0
09:49:20,+1.84,0
09:49:20,+1.81,0
09:49:20,+1.82,0
09:49:20,+1.80,0
09:49:20,+1.81,0
09:49:20,+1.84,0
09:49:20,+1.81,0
09:49:20,+1.86,0
09:49:20,+1.86,0
09:49:20,+1.82,0
09:49:20,+1.84,0
09:49:21,+1.85,0
09:49:21,+1.84,0
09:49:21,+1.82,0
09:49:21,+1.81,0
09:49:21,+1.83,0
09:49:21,+1.83,0
09:49:21,+1.81,0
09:49:21,+1.85,0
09:49:21,+1.84,0
09:49:21,+1.87,0
09:49:21,+1.86,0
09:49:21,+1.85,0
09:49:21,+1.84,0
09:49:21,+1.84,0
09:49:21,+1.82,0
09:49:21,+1.85,0
09:49:21,+1.84,0
09:49:21,+1.82,0
09:49:21,+1.86,0
09:49:21,+1.84,0
09:49:22,+1.88,0
09:49:22,+1.87,0
09:49:22,+1.84,0
09:49:22,+1.87,0
09:49:22,+1.87,0
09:49:22,+1.84,0
09:49:22,+1.85,0
09:49:22,+1.86,0
09:49:22,+1.84,0
09:49:22,+1.87,0
09:49:22,+1.85,0
09:49:22,+1.84,0
09:49:22,+1.87,0
09:49:22,+1.85,0
09:49:22,+1.84,0
09:49:22,+1.86,0
09:49:22,+1.83,0
09:49:22,+1.84,0
09:49:22,+1.87,0
09:49:22,+1.85,0
09:49:22,+1.86,0
09:49:23,+1.84,0
09:49:23,+1.86,0
09:49:23,+1.87,0
09:49:23,+1.85,0
09:49:23,+1.86,0
09:49:23,+1.85,0
09:49:23,+1.84,0
09:49:23,+1.84,0
09:49:23,+1.87,0
09:49:23,+1.86,0
09:49:23,+1.89,0
09:49:23,+1.87,0
09:49:23,+1.88,0
09:49:23,+1.87,0
09:49:23,+1.86,0
09:49:23,+1.88,0
09:49:23,+1.86,0
09:49:23,+1.86,0
09:49:23,+1.88,0
09:49:23,+1.87,0
09:49:24,+1.86,0
09:49:24,+1.86,0
09:49:24,+1.88,0
09:49:24,+1.88,0
09:49:24,+1.89,0
09:49:24,+1.87,0
09:49:24,+1.91,0
09:49:24,+1.88,0
09:49:24,+1.87,0
09:49:24,+1.89,0
09:49:24,+1.86,0
09:49:24,+1.89,0
09:49:24,+1.89,0
09:49:24,+1.86,0
09:49:24,+1.89,0
09:49:24,+1.87,0
09:49:24,+1.87,0
09:49:24,+1.88,0
09:49:24,+1.87,0
09:49:24,+1.89,0
09:49:25,+1.87,0
09:49:25,+1.87,0
09:49:25,+1.87,0
09:49:25,+1.86,0
09:49:25,+1.89,0
09:49:25,+1.90,0
09:49:25,+1.89,0
09:49:25,+1.88,0
09:49:25,+1.90,0
09:49:25,+1.90,0
09:49:25,+1.89,0
09:49:25,+1.89,0
09:49:25,+1.89,0
09:49:25,+1.91,0
09:49:25,+1.88,0
09:49:25,+1.90,0
09:49:25,+1.90,0
09:49:25,+1.90,0
09:49:25,+1.90,0
09:49:25,+1.92,0
09:49:25,+1.89,0
09:49:26,+1.89,0
09:49:26,+1.89,0
09:49:26,+1.89,0
09:49:26,+1.92,0
09:49:26,+1.89,0
09:49:26,+1.88,0
09:49:26,+1.92,0
09:49:26,+1.91,0
09:49:26,+1.90,0
09:49:26,+1.90,0
09:49:26,+1.91,0
09:49:26,+1.91,0
09:49:26,+1.89,0
09:49:26,+1.88,0
09:49:26,+1.89,0
09:49:26,+1.87,0
09:49:26,+1.90,0
09:49:26,+1.90,0
09:49:26,+1.87,0
09:49:26,+1.90,0
09:49:27,+1.90,0
09:49:27,+1.92,0
09:49:27,+1.94,0
09:49:27,+1.89,0
09:49:27,+1.89,0
09:49:27,+1.93,0
09:49:27,+1.89,0
09:49:27,+1.89,0
09:49:27,+1.89,0
09:49:27,+1.87,0
09:49:27,+1.93,0
09:49:27,+1.91,0
09:49:27,+1.91,0
09:49:27,+1.94,0
09:49:27,+1.90,0
09:49:27,+1.92,0
09:49:27,+1.94,0
09:49:27,+1.88,0
09:49:27,+1.92,0
09:49:27,+1.90,0
09:49:28,+1.92,0
09:49:28,+1.94,0
09:49:28,+1.91,0
09:49:28,+1.92,0
09:49:28,+1.94,0
09:49:28,+1.92,0
09:49:28,+1.94,0
09:49:28,+1.94,0
09:49:28,+1.91,0
09:49:28,+1.92,0
09:49:28,+1.91,0
09:49:28,+1.91,0
09:49:28,+1.93,0
09:49:28,+1.91,0
09:49:28,+1.94,0
09:49:28,+1.94,0
09:49:28,+1.93,0
09:49:28,+1.95,0
09:49:28,+1.93,0
09:49:28,+1.91,0
09:49:28,+1.91,0
09:49:29,+1.89,0
09:49:29,+1.90,0
09:49:29,+1.93,0
09:49:29,+1.91,0
09:49:29,+1.92,0
09:49:29,+1.94,0
09:49:29,+1.91,0
09:49:29,+1.92,0
09:49:29,+1.93,0
09:49:29,+1.92,0
09:49:29,+1.94,0
09:49:29,+1.91,0
09:49:29,+1.90,0
09:49:29,+1.93,0
09:49:29,+1.90,0
09:49:29,+1.94,0
09:49:29,+1.95,0
09:49:29,+1.95,0
09:49:29,+1.95,0
09:49:29,+1.93,0
09:49:30,+1.91,0
09:49:30,+1.91,0
09:49:30,+1.90,0
09:49:30,+1.93,0
09:49:30,+1.96,0
09:49:30,+1.91,0
09:49:30,+1.95,0
09:49:30,+1.95,0
09:49:30,+1.95,0
09:49:30,+1.98,0
09:49:30,+1.95,0
09:49:30,+1.95,0
09:49:30,+1.96,0
09:49:30,+1.95,0
09:49:30,+1.96,0
09:49:30,+1.96,0
09:49:30,+1.94,0
09:49:30,+1.99,0
09:49:30,+1.98,0
09:49:30,+1.98,0
09:49:31,+1.98,0
09:49:31,+1.96,0
09:49:31,+1.97,0
09:49:31,+1.97,0
09:49:31,+1.95,0
09:49:31,+1.97,0
09:49:31,+1.96,0
09:49:31,+1.95,0
09:49:31,+1.98,0
09:49:31,+1.97,0
09:49:31,+1.95,0
09:49:31,+1.98,0
09:49:31,+1.97,0
09:49:31,+1.95,0
09:49:31,+1.96,0
09:49:31,+1.94,0
09:49:31,+1.95,0
09:49:31,+1.94,0
09:49:31,+1.96,0
09:49:31,+1.97,0
09:49:31,+1.95,0
09:49:32,+2.00,0
09:49:32,+2.00,0
09:49:32,+1.96,0
09:49:32,+2.00,0
09:49:32,+1.97,0
09:49:32,+1.96,0
09:49:32,+1.97,0
09:49:32,+1.97,0
09:49:32,+1.98,0
09:49:32,+1.99,0
09:49:32,+1.96,0
09:49:32,+1.96,0
09:49:32,+1.99,0
09:49:32,+1.99,0
09:49:32,+2.01,0
09:49:32,+1.96,0
09:49:32,+1.96,0
09:49:32,+1.95,0
09:49:32,+1.95,0
09:49:32,+1.97,0
09:49:33,+1.96,0
09:49:33,+1.95,0
09:49:33,+1.99,0
09:49:33,+1.99,0
09:49:33,+1.96,0
09:49:33,+1.97,0
09:49:33,+1.97,0
09:49:33,+1.96,0
09:49:33,+1.95,0
09:49:33,+1.96,0
09:49:33,+1.98,0
09:49:33,+1.96,0
09:49:33,+1.98,0
09:49:33,+1.99,0
09:49:33,+1.99,0
09:49:33,+1.98,0
09:49:33,+2.01,0
09:49:33,+1.98,0
09:49:33,+1.98,0
09:49:33,+1.98,0
09:49:34,+1.97,0
09:49:34,+2.00,0
09:49:34,+1.99,0
09:49:34,+1.99,0
09:49:34,+2.01,0
09:49:34,+1.97,0
09:49:34,+1.97,0
09:49:34,+1.98,0
09:49:34,+1.98,0
09:49:34,+1.98,0
09:49:34,+1.96,0
09:49:34,+1.97,0
09:49:34,+1.99,0
09:49:34,+1.98,0
09:49:34,+1.99,0
09:49:34,+2.00,0
09:49:34,+1.98,0
09:49:34,+1.99,0
09:49:34,+2.02,0
09:49:34,+1.98,0
09:49:34,+1.99,0
09:49:35,+1.98,0
09:49:35,+1.98,0
09:49:35,+2.01,0
09:49:35,+1.97,0
09:49:35,+1.98,0
09:49:35,+1.99,0
09:49:35,+1.98,0
09:49:35,+1.98,0
09:49:35,+1.99,0
09:49:35,+1.96,0
09:49:35,+2.01,0
09:49:35,+1.97,0
09:49:35,+1.96,0
09:49:35,+2.01,0
09:49:35,+1.98,0
09:49:35,+2.00,0
09:49:35,+1.99,0
09:49:35,+1.99,0
09:49:35,+2.00,0
09:49:35,+2.00,0
09:49:36,+1.99,0
09:49:36,+2.01,0
09:49:36,+1.99,0
09:49:36,+1.99,0
09:49:36,+2.00,0
09:49:36,+1.95,0
09:49:36,+1.99,0
09:49:36,+2.02,0
09:49:36,+2.00,0
09:49:36,+2.00,0
09:49:36,+1.99,0
09:49:36,+1.97,0
09:49:36,+2.02,0
09:49:36,+1.98,0
09:49:36,+1.98,0
09:49:36,+1.99,0
09:49:36,+1.96,0
09:49:36,+1.99,0
09:49:36,+1.98,0
09:49:36,+1.98,0
09:49:36,+2.00,0
09:49:37,+1.98,0
09:49:37,+2.01,0
09:49:37,+2.03,0
09:49:37,+1.97,0
09:49:37,+1.97,0
09:49:37,+2.01,0
09:49:37,+1.97,0
09:49:37,+1.98,0
09:49:37,+1.97,0
09:49:37,+1.98,0
09:49:37,+1.99,0
09:49:37,+1.98,0
09:49:37,+2.01,0
09:49:37,+2.02,0
09:49:37,+1.97,0
09:49:37,+1.98,0
09:49:37,+2.00,0
09:49:37,+1.97,0
09:49:37,+2.00,0
09:49:37,+1.97,0
09:49:38,+1.98,0
09:49:38,+2.02,0
09:49:38,+2.01,0
09:49:38,+2.01,0
09:49:38,+1.99,0
09:49:38,+1.98,0
09:49:38,+2.02,0
09:49:38,+2.01,0
09:49:38,+1.98,0
09:49:38,+2.00,0
09:49:38,+1.97,0
09:49:38,+2.00,0
09:49:38,+2.02,0
09:49:38,+2.01,0
09:49:38,+2.01,0
09:49:38,+1.99,0
09:49:38,+2.01,0
09:49:38,+2.03,0
09:49:38,+2.01,0
09:49:38,+1.99,0
09:49:39,+2.00,0
09:49:39,+2.00,0
09:49:39,+1.98,0
09:49:39,+2.01,0
09:49:39,+1.99,0
09:49:39,+2.00,0
09:49:39,+2.01,0
09:49:39,+1.98,0
09:49:39,+2.00,0
09:49:39,+2.00,0
09:49:39,+2.00,0
09:49:39,+1.98,0
09:49:39,+1.97,0
09:49:39,+1.99,0
09:49:39,+2.00,0
09:49:39,+1.99,0
09:49:39,+2.03,0
09:49:39,+2.02,0
09:49:39,+2.03,0
09:49:39,+2.02,0
09:49:40,+2.00,0
09:49:40,+1.99,0
09:49:40,+2.01,0
09:49:40,+1.99,0
09:49:40,+2.00,0
09:49:40,+2.01,0
09:49:40,+1.99,0
09:49:40,+2.03,0
09:49:40,+2.02,0
09:49:40,+2.02,0
09:49:40,+2.00,0
09:49:40,+1.99,0
09:49:40,+1.99,0
09:49:40,+2.00,0
09:49:40,+1.97,0
09:49:40,+1.99,0
09:49:40,+2.02,0
09:49:40,+1.98,0
09:49:40,+2.01,0
09:49:40,+1.99,0
09:49:40,+2.04,0
09:49:41,+2.03,0
09:49:41,+1.99,0
09:49:41,+2.02,0
09:49:41,+2.01,0
09:49:41,+1.99,0
09:49:41,+2.00,0
09:49:41,+1.98,0
09:49:41,+1.99,0
09:49:41,+2.03,0
09:49:41,+2.00,0
09:49:41,+2.01,0
09:49:41,+2.01,0
09:49:41,+1.99,0
09:49:41,+2.00,0
09:49:41,+1.99,0
09:49:41,+1.99,0
09:49:41,+2.02,0
09:49:41,+2.00,0
09:49:41,+2.00,0
09:49:41,+2.03,0
09:49:42,+1.99,0
09:49:42,+2.02,0
09:49:42,+2.02,0
09:49:42,+2.00,0
09:49:42,+2.02,0
09:49:42,+2.00,0
09:49:42,+2.00,0
09:49:42,+2.00,0
09:49:42,+2.00,0
09:49:42,+2.02,0
09:49:42,+2.03,0
09:49:42,+2.03,0
09:49:42,+2.04,0
09:49:42,+2.02,0
09:49:42,+2.01,0
09:49:42,+2.04,0
09:49:42,+1.98,0
09:49:42,+2.01,0
09:49:42,+2.02,0
09:49:42,+2.00,0
09:49:43,+2.00,0
09:49:43,+1.99,0
09:49:43,+2.01,0
09:49:43,+2.03,0
09:49:43,+2.02,0
09:49:43,+2.01,0
09:49:43,+2.02,0
09:49:43,+2.00,0
09:49:43,+2.03,0
09:49:43,+1.99,0
09:49:43,+1.98,0
09:49:43,+2.02,0
09:49:43,+2.02,0
09:49:43,+2.01,0
09:49:43,+2.02,0
09:49:43,+2.02,0
09:49:43,+2.00,0
09:49:43,+2.01,0
09:49:43,+1.99,0
09:49:43,+2.05,0
09:49:43,+1.99,0
09:49:44,+1.98,0
09:49:44,+2.01,0
09:49:44,+1.97,0
09:49:44,+2.01,0
09:49:44,+2.02,0
09:49:44,+2.01,0
09:49:44,+2.00,0
09:49:44,+2.02,0
09:49:44,+2.01,0
09:49:44,+2.04,0
09:49:44,+2.00,0
09:49:44,+2.01,0
09:49:44,+2.03,0
09:49:44,+2.01,0
09:49:44,+2.00,0
09:49:44,+2.04,0
09:49:44,+2.02,0
09:49:44,+2.01,0
09:49:44,+2.02,0
09:49:44,+2.01,0
09:49:45,+2.02,0
09:49:45,+1.99,0
09:49:45,+2.01,0
09:49:45,+1.99,0
09:49:45,+1.98,0
09:49:45,+2.01,0
09:49:45,+2.01,0
09:49:45,+1.98,0
09:49:45,+2.02,0
09:49:45,+2.01,0
09:49:45,+2.02,0
09:49:45,+2.02,0
09:49:45,+1.99,0
09:49:45,+2.02,0
09:49:45,+2.03,0
09:49:45,+1.98,0
09:49:45,+2.00,0
09:49:45,+2.03,0
09:49:45,+1.98,0
09:49:45,+2.02,0
09:49:46,+2.01,0
09:49:46,+1.99,0
09:49:46,+2.04,0
09:49:46,+1.99,0
09:49:46,+1.99,0
09:49:46,+2.03,0
09:49:46,+1.99,0
09:49:46,+2.02,0
09:49:46,+2.01,0
09:49:46,+1.98,0
09:49:46,+2.03,0
09:49:46,+2.01,0
09:49:46,+2.00,0
09:49:46,+2.03,0
09:49:46,+2.00,0
09:49:46,+2.00,0
09:49:46,+2.02,0
09:49:46,+1.99,0
09:49:46,+2.00,0
09:49:46,+1.98,0
09:49:46,+2.01,0
09:49:47,+2.03,0
09:49:47,+2.01,0
09:49:47,+2.04,0
09:49:47,+2.03,0
09:49:47,+2.01,0
09:49:47,+2.00,0
09:49:47,+2.01,0
09:49:47,+1.99,0
09:49:47,+2.00,0
09:49:47,+1.98,0
09:49:47,+2.00,0
09:49:47,+2.01,0
09:49:47,+2.00,0
09:49:47,+2.04,0
09:49:47,+2.02,0
09:49:47,+2.00,0
09:49:47,+2.02,0
09:49:47,+2.02,0
09:49:47,+2.01,0
09:49:47,+2.02,0
09:49:48,+1.99,0
09:49:48,+2.00,0
09:49:48,+2.03,0
09:49:48,+2.00,0
09:49:48,+2.02,0
09:49:48,+2.04,0
09:49:48,+2.03,0
09:49:48,+2.05,0
09:49:48,+2.00,0
09:49:48,+2.03,0
09:49:48,+2.03,0
09:49:48,+2.01,0
09:49:48,+2.02,0
09:49:48,+2.02,0
09:49:48,+2.01,0
09:49:48,+2.03,0
09:49:48,+2.01,0
09:49:48,+2.05,0
09:49:48,+2.05,0
09:49:48,+2.00,0
09:49:48,+2.01,0
09:49:49,+2.02,0
09:49:49,+2.00,0
09:49:49,+2.02,0
09:49:49,+2.01,0
09:49:49,+2.00,0
09:49:49,+2.02,0
09:49:49,+2.03,0
09:49:49,+2.04,0
09:49:49,+2.01,0
09:49:49,+2.00,0
09:49:49,+2.00,0
09:49:49,+2.00,0
09:49:49,+2.00,0
09:49:49,+2.02,0
09:49:49,+2.01,0
09:49:49,+2.02,0
09:49:49,+2.04,0
09:49:49,+2.03,0
09:49:49,+2.05,0
09:49:49,+2.04,0
09:49:50,+2.01,0
09:49:50,+2.05,0
09:49:50,+2.02,0
09:49:50,+2.00,0
09:49:50,+2.02,0
09:49:50,+1.98,0
09:49:50,+2.01,0
09:49:50,+2.01,0
09:49:50,+1.99,0
09:49:50,+2.03,0
09:49:50,+2.01,0
09:49:50,+2.00,0
09:49:50,+2.01,0
09:49:50,+2.00,0
09:49:50,+2.00,0
09:49:50,+1.99,0
09:49:50,+1.99,0
09:49:50,+2.02,0
09:49:50,+2.01,0
09:49:50,+1.99,0
09:49:51,+2.04,0
09:49:51,+2.01,0
09:49:51,+2.01,0
09:49:51,+2.03,0
09:49:51,+1.99,0
09:49:51,+2.02,0
09:49:51,+2.02,0
09:49:51,+2.00,0
09:49:51,+2.00,0
09:49:51,+1.99,0
09:49:51,+1.99,0
09:49:51,+2.03,0
09:49:51,+2.00,0
09:49:51,+2.00,0
09:49:51,+2.01,0
09:49:51,+1.99,0
09:49:51,+2.02,0
09:49:51,+2.00,0
09:49:51,+2.00,0
09:49:51,+2.04,0
09:49:52,+2.02,0
09:49:52,+2.02,0
09:49:52,+2.03,0
09:49:52,+2.02,0
09:49:52,+2.02,0
09:49:52,+2.04,0
09:49:52,+2.00,0
09:49:52,+2.01,0
09:49:52,+2.00,0
09:49:52,+2.01,0
09:49:52,+2.04,0
09:49:52,+2.00,0
09:49:52,+2.00,0
09:49:52,+2.03,0
09:49:52,+1.99,0
09:49:52,+2.01,0
09:49:52,+2.03,0
09:49:52,+1.98,0
09:49:52,+2.03,0
09:49:52,+1.99,0
09:49:52,+2.01,0
09:49:53,+2.04,0
09:49:53,+1.98,0
09:49:53,+2.00,0
09:49:53,+2.02,0
09:49:53,+1.98,0
09:49:53,+2.02,0
09:49:53,+2.01,0
09:49:53,+2.01,0
09:49:53,+2.03,0
09:49:53,+1.99,0
09:49:53,+1.99,0
09:49:53,+2.03,0
09:49:53,+2.00,0
09:49:53,+2.02,0
09:49:53,+2.01,0
09:49:53,+2.01,0
09:49:53,+2.03,0
09:49:53,+2.02,0
09:49:53,+2.01,0
09:49:53,+2.03,0
09:49:54,+2.01,0
09:49:54,+2.01,0
09:49:54,+1.99,0
09:49:54,+1.98,0
09:49:54,+2.02,0
09:49:54,+2.03,0
09:49:54,+2.02,0
09:49:54,+2.02,0
09:49:54,+2.00,0
09:49:54,+1.99,0
09:49:54,+2.04,0
09:49:54,+1.99,0
09:49:54,+1.99,0
09:49:54,+2.02,0
09:49:54,+1.99,0
09:49:54,+2.02,0
09:49:54,+2.00,0
09:49:54,+2.00,0
09:49:54,+2.03,0
09:49:54,+2.00,0
09:49:54,+2.01,0
09:49:55,+2.02,0
09:49:55,+2.00,0
09:49:55,+2.02,0
09:49:55,+1.98,0
09:49:55,+1.99,0
09:49:55,+2.02,0
09:49:55,+2.00,0
09:49:55,+1.97,0
09:49:55,+2.02,0
09:49:55,+2.00,0
09:49:55,+1.99,0
09:49:55,+2.03,0
09:49:55,+1.98,0
09:49:55,+1.99,0
09:49:55,+2.01,0
09:49:55,+1.98,0
09:49:55,+2.02,0
09:49:55,+1.99,0
09:49:55,+2.01,0
09:49:55,+2.01,0
09:49:56,+1.99,0
09:49:56,+2.00,0
09:49:56,+2.02,0
09:49:56,+2.00,0
09:49:56,+2.00,0
09:49:56,+1.98,0
09:49:56,+2.00,0
09:49:56,+2.01,0
09:49:56,+1.96,0
09:49:56,+1.99,0
09:49:56,+2.01,0
09:49:56,+1.99,0
09:49:56,+2.00,0
09:49:56,+2.01,0
09:49:56,+1.98,0
09:49:56,+1.99,0
09:49:56,+2.00,0
09:49:56,+1.98,0
09:49:56,+2.00,0
09:49:56,+1.96,0
09:49:57,+1.99,0
09:49:57,+2.00,0
09:49:57,+2.01,0
09:49:57,+2.02,0
09:49:57,+1.99,0
09:49:57,+2.00,0
09:49:57,+2.02,0
09:49:57,+1.99,0
09:49:57,+1.98,0
09:49:57,+2.00,0
09:49:57,+1.98,0
09:49:57,+2.00,0
09:49:57,+2.00,0
09:49:57,+1.99,0
09:49:57,+2.03,0
09:49:57,+2.01,0
09:49:57,+2.02,0
09:49:57,+2.03,0
09:49:57,+1.98,0
09:49:57,+2.01,0
09:49:58,+1.99,0
09:49:58,+1.96,0
09:49:58,+2.00,0
09:49:58,+2.00,0
09:49:58,+1.99,0
09:49:58,+2.00,0
09:49:58,+1.98,0
09:49:58,+2.01,0
09:49:58,+2.01,0
09:49:58,+1.98,0
09:49:58,+2.00,0
09:49:58,+1.99,0
09:49:58,+1.99,0
09:49:58,+2.00,0
09:49:58,+1.99,0
09:49:58,+1.99,0
09:49:58,+2.02,0
09:49:58,+2.01,0
09:49:58,+1.98,0
09:49:58,+1.99,0
09:49:58,+1.98,0
09:49:59,+1.98,0
09:49:59,+1.97,0
09:49:59,+1.98,0
09:49:59,+2.00,0
09:49:59,+2.00,0
09:49:59,+1.97,0
09:49:59,+1.99,0
09:49:59,+2.00,0
09:49:59,+2.03,0
09:49:59,+1.98,0
09:49:59,+1.98,0
09:49:59,+2.02,0
09:49:59,+1.96,0
09:49:59,+1.98,0
09:49:59,+1.98,0
09:49:59,+1.96,0
09:49:59,+1.99,0
09:49:59,+2.01,0
09:49:59,+2.01,0
09:49:59,+2.02,0
09:50:00,+1.99,0
09:50:00,+2.00,0
09:50:00,+2.02,0
09:50:00,+1.98,0
09:50:00,+1.98,0
09:50:00,+1.98,0
09:50:00,+1.95,0
09:50:00,+1.99,0
09:50:00,+1.97,0
09:50:00,+1.96,0
09:50:00,+2.00,0
09:50:00,+1.98,0
09:50:00,+1.99,0
09:50:00,+2.00,0
09:50:00,+1.97,0
09:50:00,+1.98,0
09:50:00,+1.98,0
09:50:00,+1.95,0
09:50:00,+1.99,0
09:50:00,+1.96,0
09:50:00,+1.96,0
09:50:01,+1.98,0
09:50:01,+1.98,0
09:50:01,+1.98,0
09:50:01,+2.02,0
09:50:01,+1.97,0
09:50:01,+1.98,0
09:50:01,+1.97,0
09:50:01,+1.96,0
09:50:01,+1.99,0
09:50:01,+1.99,0
09:50:01,+2.00,0
09:50:01,+2.00,0
09:50:01,+1.99,0
09:50:01,+2.01,0
09:50:01,+1.99,0
09:50:01,+1.96,0
09:50:01,+1.98,0
09:50:01,+1.97,0
09:50:01,+1.97,0
09:50:01,+2.00,0
09:50:02,+1.98,0
09:50:02,+1.97,0
09:50:02,+1.98,0
09:50:02,+1.99,0
09:50:02,+2.01,0
09:50:02,+1.99,0
09:50:02,+1.96,0
09:50:02,+1.98,0
09:50:02,+1.96,0
09:50:02,+1.96,0
09:50:02,+1.97,0
09:50:02,+1.94,0
09:50:02,+1.98,0
09:50:02,+1.97,0
09:50:02,+1.95,0
09:50:02,+1.98,0
09:50:02,+1.97,0
09:50:02,+1.97,0
09:50:02,+1.99,0
09:50:02,+1.96,0
09:50:03,+1.97,0
09:50:03,+2.00,0
09:50:03,+1.97,0
09:50:03,+1.97,0
09:50:03,+2.00,0
09:50:03,+1.98,0
09:50:03,+2.01,0
09:50:03,+1.96,0
09:50:03,+1.96,0
09:50:03,+2.01,0
09:50:03,+1.94,0
09:50:03,+1.95,0
09:50:03,+1.98,0
09:50:03,+1.96,0
09:50:03,+1.98,0
09:50:03,+1.96,0
09:50:03,+1.97,0
09:50:03,+1.99,0
09:50:03,+1.96,0
09:50:03,+1.97,0
09:50:04,+1.98,0
09:50:04,+1.96,0
09:50:04,+1.97,0
09:50:04,+1.99,0
09:50:04,+1.96,0
09:50:04,+1.97,0
09:50:04,+1.96,0
09:50:04,+1.98,0
09:50:04,+1.99,0
09:50:04,+1.96,0
09:50:04,+1.98,0
09:50:04,+1.97,0
09:50:04,+1.94,0
09:50:04,+1.95,0
09:50:04,+1.97,0
09:50:04,+1.94,0
09:50:04,+1.98,0
09:50:04,+1.95,0
09:50:04,+1.98,0
09:50:04,+1.98,0
09:50:04,+1.95,0
09:50:05,+1.98,0
09:50:05,+1.97,0
09:50:05,+1.95,0
09:50:05,+1.94,0
09:50:05,+1.96,0
09:50:05,+1.94,0
09:50:05,+1.97,0
09:50:05,+1.94,0
09:50:05,+1.98,0
09:50:05,+1.98,0
09:50:05,+1.95,0
09:50:05,+1.97,0
09:50:05,+1.97,0
09:50:05,+1.97,0
09:50:05,+1.97,0
09:50:05,+1.96,0
09:50:05,+1.95,0
09:50:05,+1.97,0
09:50:05,+1.94,0
09:50:05,+1.97,0
09:50:06,+1.98,0
09:50:06,+1.95,0
09:50:06,+1.95,0
09:50:06,+1.96,0
09:50:06,+1.93,0
09:50:06,+1.94,0
09:50:06,+1.92,0
09:50:06,+1.94,0
09:50:06,+1.96,0
09:50:06,+1.96,0
09:50:06,+1.97,0
09:50:06,+1.96,0
09:50:06,+1.95,0
09:50:06,+1.99,0
09:50:06,+1.96,0
09:50:06,+1.97,0
09:50:06,+1.98,0
09:50:06,+1.94,0
09:50:06,+1.94,0
09:50:06,+1.95,0
09:50:06,+1.94,0
09:50:07,+1.97,0
09:50:07,+1.96,0
09:50:07,+1.94,0
09:50:07,+1.98,0
09:50:07,+1.94,0
09:50:07,+1.94,0
09:50:07,+1.95,0
09:50:07,+1.94,0
09:50:07,+1.96,0
09:50:07,+1.96,0
09:50:07,+1.95,0
09:50:07,+1.95,0
09:50:07,+1.96,0
09:50:07,+1.95,0
09:50:07,+1.95,0
09:50:07,+1.94,0
09:50:07,+1.93,0
09:50:07,+1.93,0
09:50:07,+1.92,0
09:50:07,+1.96,0
09:50:08,+1.95,0
09:50:08,+1.92,0
09:50:08,+1.94,0
09:50:08,+1.93,0
09:50:08,+1.94,0
09:50:08,+1.96,0
09:50:08,+1.95,0
09:50:08,+1.93,0
09:50:08,+1.92,0
09:50:08,+1.92,0
09:50:08,+1.96,0
09:50:08,+1.94,0
09:50:08,+1.92,0
09:50:08,+1.94,0
09:50:08,+1.92,0
09:50:08,+1.94,0
09:50:08,+1.95,0
09:50:08,+1.92,0
09:50:08,+1.98,0
09:50:08,+1.94,0
09:50:09,+1.93,0
09:50:09,+1.95,0
09:50:09,+1.90,0
09:50:09,+1.92,0
09:50:09,+1.93,0
09:50:09,+1.94,0
09:50:09,+1.95,0
09:50:09,+1.97,0
09:50:09,+1.95,0
09:50:09,+1.97,0
09:50:09,+1.92,0
09:50:09,+1.94,0
09:50:09,+1.94,0
09:50:09,+1.89,0
09:50:09,+1.92,0
09:50:09,+1.92,0
09:50:09,+1.91,0
09:50:09,+1.94,0
09:50:09,+1.94,0
09:50:09,+1.92,0
09:50:10,+1.98,0
09:50:10,+1.94,0
09:50:10,+1.92,0
09:50:10,+1.94,0
09:50:10,+1.92,0
09:50:10,+1.94,0
09:50:10,+1.94,0
09:50:10,+1.92,0
09:50:10,+1.93,0
09:50:10,+1.95,0
09:50:10,+1.94,0
09:50:10,+1.97,0
09:50:10,+1.93,0
09:50:10,+1.92,0
09:50:10,+1.93,0
09:50:10,+1.90,0
09:50:10,+1.93,0
09:50:10,+1.92,0
09:50:10,+1.93,0
09:50:10,+1.95,0
09:50:10,+1.95,0
09:50:11,+1.94,0
09:50:11,+1.97,0
09:50:11,+1.93,0
09:50:11,+1.93,0
09:50:11,+1.96,0
09:50:11,+1.91,0
09:50:11,+1.92,0
09:50:11,+1.90,0
09:50:11,+1.93,0
09:50:11,+1.95,0
09:50:11,+1.94,0
09:50:11,+1.95,0
09:50:11,+1.92,0
09:50:11,+1.92,0
09:50:11,+1.94,0
09:50:11,+1.95,0
09:50:11,+1.91,0
09:50:11,+1.93,0
09:50:11,+1.92,0
09:50:11,+1.93,0
09:50:12,+1.94,0
09:50:12,+1.91,0
09:50:12,+1.92,0
09:50:12,+1.95,0
09:50:12,+1.92,0
09:50:12,+1.94,0
09:50:12,+1.93,0
09:50:12,+1.89,0
09:50:12,+1.94,0
09:50:12,+1.90,0
09:50:12,+1.91,0
09:50:12,+1.93,0
09:50:12,+1.91,0
09:50:12,+1.91,0
09:50:12,+1.94,0
09:50:12,+1.90,0
09:50:12,+1.91,0
09:50:12,+1.90,0
09:50:12,+1.89,0
09:50:12,+1.92,0
09:50:12,+1.88,0
09:50:13,+1.92,0
09:50:13,+1.91,0
09:50:13,+1.91,0
09:50:13,+1.94,0
09:50:13,+1.94,0
09:50:13,+1.91,0
09:50:13,+1.92,0
09:50:13,+1.90,0
09:50:13,+1.92,0
09:50:13,+1.94,0
09:50:13,+1.89,0
09:50:13,+1.91,0
09:50:13,+1.93,0
09:50:13,+1.89,0
09:50:13,+1.92,0
09:50:13,+1.94,0
09:50:13,+1.92,0
09:50:13,+1.93,0
09:50:13,+1.91,0
09:50:13,+1.92,0
09:50:14,+1.92,0
09:50:14,+1.90,0
09:50:14,+1.91,0
09:50:14,+1.94,0
09:50:14,+1.92,0
09:50:14,+1.95,0
09:50:14,+1.92,0
09:50:14,+1.91,0
09:50:14,+1.93,0
09:50:14,+1.91,0
09:50:14,+1.91,0
09:50:14,+1.91,0
09:50:14,+1.88,0
09:50:14,+1.92,0
09:50:14,+1.91,0
09:50:14,+1.88,0
09:50:14,+1.92,0
09:50:14,+1.92,0
09:50:14,+1.90,0
09:50:14,+1.91,0
09:50:15,+1.89,0
09:50:15,+1.91,0
09:50:15,+1.90,0
09:50:15,+1.88,0
09:50:15,+1.91,0
09:50:15,+1.90,0
09:50:15,+1.88,0
09:50:15,+1.92,0
09:50:15,+1.91,0
09:50:15,+1.94,0
09:50:15,+1.94,0
09:50:15,+1.90,0
09:50:15,+1.91,0
09:50:15,+1.91,0
09:50:15,+1.89,0
09:50:15,+1.93,0
09:50:15,+1.93,0
09:50:15,+1.92,0
09:50:15,+1.94,0
09:50:15,+1.90,0
09:50:16,+1.93,0
09:50:16,+1.92,0
09:50:16,+1.90,0
09:50:16,+1.92,0
09:50:16,+1.89,0
09:50:16,+1.88,0
09:50:16,+1.92,0
09:50:16,+1.93,0
09:50:16,+1.92,0
09:50:16,+1.92,0
09:50:16,+1.90,0
09:50:16,+1.95,0
09:50:16,+1.93,0
09:50:16,+1.90,0
09:50:16,+1.92,0
09:50:16,+1.90,0
09:50:16,+1.90,0
09:50:16,+1.92,0
09:50:16,+1.89,0
09:50:16,+1.88,0
09:50:16,+1.92,0
09:50:17,+1.89,0
09:50:17,+1.89,0
09:50:17,+1.90,0
09:50:17,+1.88,0
09:50:17,+1.92,0
09:50:17,+1.90,0
09:50:17,+1.90,0
09:50:17,+1.91,0
09:50:17,+1.88,0
09:50:17,+1.92,0
09:50:17,+1.90,0
09:50:17,+1.89,0
09:50:17,+1.90,0
09:50:17,+1.90,0
09:50:17,+1.88,0
09:50:17,+1.91,0
09:50:17,+1.91,0
09:50:17,+1.88,0
09:50:17,+1.89,0
09:50:17,+1.90,0
09:50:18,+1.90,0
09:50:18,+1.90,0
09:50:18,+1.88,0
09:50:18,+1.92,0
09:50:18,+1.91,0
09:50:18,+1.92,0
09:50:18,+1.90,0
09:50:18,+1.88,0
09:50:18,+1.92,0
09:50:18,+1.90,0
09:50:18,+1.90,0
09:50:18,+1.90,0
09:50:18,+1.91,0
09:50:18,+1.90,0
09:50:18,+1.94,0
09:50:18,+1.90,0
09:50:18,+1.90,0
09:50:18,+1.91,0
09:50:18,+1.88,0
09:50:18,+1.91,0
09:50:18,+1.91,0
09:50:19,+1.87,0
09:50:19,+1.91,0
09:50:19,+1.91,0
09:50:19,+1.88,0
09:50:19,+1.90,0
09:50:19,+1.88,0
09:50:19,+1.89,0
09:50:19,+1.88,0
09:50:19,+1.89,0
09:50:19,+1.88,0
09:50:19,+1.87,0
09:50:19,+1.88,0
09:50:19,+1.90,0
09:50:19,+1.88,0
09:50:19,+1.88,0
09:50:19,+1.90,0
09:50:19,+1.88,0
09:50:19,+1.89,0
09:50:19,+1.88,0
09:50:19,+1.88,0
09:50:20,+1.89,0
09:50:20,+1.89,0
09:50:20,+1.89,0
09:50:20,+1.90,0
09:50:20,+1.90,0
09:50:20,+1.88,0
09:50:20,+1.93,0
09:50:20,+1.90,0
09:50:20,+1.89,0
09:50:20,+1.89,0
09:50:20,+1.86,0
09:50:20,+1.91,0
09:50:20,+1.89,0
09:50:20,+1.88,0
09:50:20,+1.90,0
09:50:20,+1.86,0
09:50:20,+1.89,0
09:50:20,+1.90,0
09:50:20,+1.87,0
09:50:20,+1.90,0
09:50:21,+1.89,0
09:50:21,+1.88,0
09:50:21,+1.89,0
09:50:21,+1.86,0
09:50:21,+1.88,0
09:50:21,+1.89,0
09:50:21,+1.89,0
09:50:21,+1.88,0
09:50:21,+1.89,0
09:50:21,+1.90,0
09:50:21,+1.89,0
09:50:21,+1.88,0
09:50:21,+1.86,0
09:50:21,+1.91,0
09:50:21,+1.88,0
09:50:21,+1.88,0
09:50:21,+1.88,0
09:50:21,+1.88,0
09:50:21,+1.90,0
09:50:21,+1.91,0
09:50:22,+1.89,0
09:50:22,+1.90,0
09:50:22,+1.88,0
09:50:22,+1.86,0
09:50:22,+1.91,0
09:50:22,+1.87,0
09:50:22,+1.88,0
09:50:22,+1.88,0
09:50:22,+1.87,0
09:50:22,+1.90,0
09:50:22,+1.90,0
09:50:22,+1.89,0
09:50:22,+1.90,0
09:50:22,+1.87,0
09:50:22,+1.87,0
09:50:22,+1.88,0
09:50:22,+1.85,0
09:50:22,+1.89,0
09:50:22,+1.89,0
09:50:22,+1.84,0
09:50:22,+1.89,0
09:50:23,+1.90,0
09:50:23,+1.89,0
09:50:23,+1.90,0
09:50:23,+1.89,0
09:50:23,+1.86,0
09:50:23,+1.88,0
09:50:23,+1.85,0
09:50:23,+1.89,0
09:50:23,+1.88,0
09:50:23,+1.84,0
09:50:23,+1.91,0
09:50:23,+1.88,0
09:50:23,+1.90,0
09:50:23,+1.90,0
09:50:23,+1.88,0
09:50:23,+1.88,0
09:50:23,+1.90,0
09:50:23,+1.87,0
09:50:23,+1.88,0
09:50:23,+1.90,0
09:50:24,+1.88,0
09:50:24,+1.89,0
09:50:24,+1.87,0
09:50:24,+1.86,0
09:50:24,+1.90,0
09:50:24,+1.86,0
09:50:24,+1.89,0
09:50:24,+1.89,0
09:50:24,+1.85,0
09:50:24,+1.88,0
09:50:24,+1.87,0
09:50:24,+1.84,0
09:50:24,+1.89,0
09:50:24,+1.86,0
09:50:24,+1.87,0
09:50:24,+1.90,0
09:50:24,+1.85,0
09:50:24,+1.87,0
09:50:24,+1.88,0
09:50:24,+1.84,0
09:50:25,+1.88,0
09:50:25,+1.89,0
09:50:25,+1.87,0
09:50:25,+1.89,0
09:50:25,+1.86,0
09:50:25,+1.89,0
09:50:25,+1.89,0
09:50:25,+1.88,0
09:50:25,+1.89,0
09:50:25,+1.88,0
09:50:25,+1.86,0
09:50:25,+1.87,0
09:50:25,+1.85,0
09:50:25,+1.88,0
09:50:25,+1.89,0
09:50:25,+1.87,0
09:50:25,+1.89,0
09:50:25,+1.86,0
09:50:25,+1.86,0
09:50:25,+1.89,0
09:50:25,+1.87,0
09:50:26,+1.87,0
09:50:26,+1.89,0
09:50:26,+1.85,0
09:50:26,+1.85,0
09:50:26,+1.88,0
09:50:26,+1.86,0
09:50:26,+1.87,0
09:50:26,+1.88,0
09:50:26,+1.84,0
09:50:26,+1.86,0
09:50:26,+1.86,0
09:50:26,+1.85,0
09:50:26,+1.87,0
09:50:26,+1.84,0
09:50:26,+1.88,0
09:50:26,+1.88,0
09:50:26,+1.85,0
09:50:26,+1.88,0
09:50:26,+1.86,0
09:50:26,+1.86,0
09:50:27,+1.86,0
09:50:27,+1.86,0
09:50:27,+1.85,0
09:50:27,+1.88,0
09:50:27,+1.85,0
09:50:27,+1.88,0
09:50:27,+1.88,0
09:50:27,+1.86,0
09:50:27,+1.90,0
09:50:27,+1.88,0
09:50:27,+1.88,0
09:50:27,+1.89,0
09:50:27,+1.83,0
09:50:27,+1.87,0
09:50:27,+1.86,0
09:50:27,+1.87,0
09:50:27,+1.87,0
09:50:27,+1.88,0
09:50:27,+1.86,0
09:50:27,+1.88,0
09:50:28,+1.84,0
09:50:28,+1.87,0
09:50:28,+1.88,0
09:50:28,+1.85,0
09:50:28,+1.85,0
09:50:28,+1.86,0
09:50:28,+1.83,0
09:50:28,+1.87,0
09:50:28,+1.88,0
09:50:28,+1.88,0
09:50:28,+1.88,0
09:50:28,+1.85,0
09:50:28,+1.86,0
09:50:28,+1.86,0
09:50:28,+1.85,0
09:50:28,+1.85,0
09:50:28,+1.85,0
09:50:28,+1.83,0
09:50:28,+1.85,0
09:50:28,+1.87,0
09:50:28,+1.85,0
09:50:29,+1.88,0
09:50:29,+1.85,0
09:50:29,+1.87,0
09:50:29,+1.85,0
09:50:29,+1.86,0
09:50:29,+1.87,0
09:50:29,+1.82,0
09:50:29,+1.85,0
09:50:29,+1.87,0
09:50:29,+1.85,0
09:50:29,+1.87,0
09:50:29,+1.87,0
09:50:29,+1.87,0
09:50:29,+1.88,0
09:50:29,+1.86,0
09:50:29,+1.85,0
09:50:29,+1.86,0
09:50:29,+1.84,0
09:50:29,+1.85,0
09:50:29,+1.87,0
09:50:30,+1.86,0
09:50:30,+1.87,0
09:50:30,+1.88,0
09:50:30,+1.88,0
09:50:30,+1.89,0
09:50:30,+1.85,0
09:50:30,+1.84,0
09:50:30,+1.89,0
09:50:30,+1.86,0
09:50:30,+1.85,0
09:50:30,+1.86,0
09:50:30,+1.86,0
09:50:30,+1.87,0
09:50:30,+1.88,0
09:50:30,+1.88,0
09:50:30,+1.90,0
09:50:30,+1.85,0
09:50:30,+1.87,0
09:50:30,+1.88,0
09:50:30,+1.82,0
09:50:31,+1.85,0
09:50:31,+1.86,0
09:50:31,+1.86,0
09:50:31,+1.87,0
09:50:31,+1.87,0
09:50:31,+1.84,0
09:50:31,+1.88,0
09:50:31,+1.84,0
09:50:31,+1.85,0
09:50:31,+1.86,0
09:50:31,+1.82,0
09:50:31,+1.85,0
09:50:31,+1.85,0
09:50:31,+1.83,0
09:50:31,+1.88,0
09:50:31,+1.85,0
09:50:31,+1.84,0
09:50:31,+1.88,0
09:50:31,+1.85,0
09:50:31,+1.87,0
09:50:31,+1.87,0
09:50:32,+1.82,0
09:50:32,+1.85,0
09:50:32,+1.83,0
09:50:32,+1.84,0
09:50:32,+1.88,0
09:50:32,+1.85,0
09:50:32,+1.84,0
09:50:32,+1.88,0
09:50:32,+1.85,0
09:50:32,+1.85,0
09:50:32,+1.84,0
09:50:32,+1.84,0
09:50:32,+1.88,0
09:50:32,+1.86,0
09:50:32,+1.85,0
09:50:32,+1.85,0
09:50:32,+1.85,0
09:50:32,+1.89,0
09:50:32,+1.89,0
09:50:32,+1.85,0
09:50:33,+1.86,0
09:50:33,+1.86,0
09:50:33,+1.85,0
09:50:33,+1.88,0
09:50:33,+1.84,0
09:50:33,+1.86,0
09:50:33,+1.88,0
09:50:33,+1.87,0
09:50:33,+1.89,0
09:50:33,+1.88,0
09:50:33,+1.85,0
09:50:33,+1.87,0
09:50:33,+1.87,0
09:50:33,+1.83,0
09:50:33,+1.87,0
09:50:33,+1.84,0
09:50:33,+1.84,0
09:50:33,+1.87,0
09:50:33,+1.84,0
09:50:33,+1.85,0
09:50:34,+1.88,0
09:50:34,+1.83,0
09:50:34,+1.87,0
09:50:34,+1.85,0
09:50:34,+1.83,0
09:50:34,+1.88,0
09:50:34,+1.85,0
09:50:34,+1.85,0
09:50:34,+1.86,0
09:50:34,+1.84,0
09:50:34,+1.86,0
09:50:34,+1.88,0
09:50:34,+1.83,0
09:50:34,+1.87,0
09:50:34,+1.85,0
09:50:34,+1.86,0
09:50:34,+1.88,0
09:50:34,+1.84,0
09:50:34,+1.85,0
09:50:34,+1.88,0
09:50:34,+1.87,0
09:50:35,+1.89,0
09:50:35,+1.87,0
09:50:35,+1.86,0
09:50:35,+1.88,0
09:50:35,+1.86,0
09:50:35,+1.85,0
09:50:35,+1.87,0
09:50:35,+1.84,0
09:50:35,+1.87,0
09:50:35,+1.88,0
09:50:35,+1.87,0
09:50:35,+1.89,0
09:50:35,+1.85,0
09:50:35,+1.88,0
09:50:35,+1.89,0
09:50:35,+1.85,0
09:50:35,+1.85,0
09:50:35,+1.87,0
09:50:35,+1.84,0
09:50:35,+1.86,0
09:50:36,+1.85,0
09:50:36,+1.87,0
09:50:36,+1.90,0
09:50:36,+1.86,0
09:50:36,+1.87,0
09:50:36,+1.87,0
09:50:36,+1.87,0
09:50:36,+1.86,0
09:50:36,+1.87,0
09:50:36,+1.85,0
09:50:36,+1.87,0
09:50:36,+1.88,0
09:50:36,+1.86,0
09:50:36,+1.88,0
09:50:36,+1.88,0
09:50:36,+1.89,0
09:50:36,+1.89,0
09:50:36,+1.85,0
09:50:36,+1.87,0
09:50:36,+1.85,0
09:50:37,+1.83,0
09:50:37,+1.86,0
09:50:37,+1.85,0
09:50:37,+1.87,0
09:50:37,+1.89,0
09:50:37,+1.86,0
09:50:37,+1.89,0
09:50:37,+1.88,0
09:50:37,+1.85,0
09:50:37,+1.87,0
09:50:37,+1.86,0
09:50:37,+1.86,0
09:50:37,+1.88,0
09:50:37,+1.87,0
09:50:37,+1.86,0
09:50:37,+1.89,0
09:50:37,+1.86,0
09:50:37,+1.90,0
09:50:37,+1.86,0
09:50:37,+1.85,0
09:50:37,+1.88,0
09:50:38,+1.87,0
09:50:38,+1.84,0
09:50:38,+1.88,0
09:50:38,+1.87,0
09:50:38,+1.87,0
09:50:38,+1.88,0
09:50:38,+1.86,0
09:50:38,+1.90,0
09:50:38,+1.86,0
09:50:38,+1.85,0
09:50:38,+1.85,0
09:50:38,+1.85,0
09:50:38,+1.86,0
09:50:38,+1.87,0
09:50:38,+1.83,0
09:50:38,+1.87,0
09:50:38,+1.88,0
09:50:38,+1.85,0
09:50:38,+1.88,0
09:50:38,+1.86,0
09:50:39,+1.88,0
09:50:39,+1.87,0
09:50:39,+1.86,0
09:50:39,+1.88,0
09:50:39,+1.88,0
09:50:39,+1.87,0
09:50:39,+1.87,0
09:50:39,+1.88,0
09:50:39,+1.85,0
09:50:39,+1.90,0
09:50:39,+1.87,0
09:50:39,+1.86,0
09:50:39,+1.88,0
09:50:39,+1.85,0
09:50:39,+1.85,0
09:50:39,+1.84,0
09:50:39,+1.84,0
09:50:39,+1.87,0
09:50:39,+1.85,0
09:50:39,+1.86,0
09:50:40,+1.90,0
09:50:40,+1.88,0
09:50:40,+1.86,0
09:50:40,+1.87,0
09:50:40,+1.86,0
09:50:40,+1.88,0
09:50:40,+1.88,0
09:50:40,+1.86,0
09:50:40,+1.87,0
09:50:40,+1.88,0
09:50:40,+1.89,0
09:50:40,+1.89,0
09:50:40,+1.86,0
09:50:40,+1.87,0
09:50:40,+1.89,0
09:50:40,+1.86,0
09:50:40,+1.88,0
09:50:40,+1.83,0
09:50:40,+1.84,0
09:50:40,+1.87,0
09:50:40,+1.87,0
09:50:41,+1.87,0
09:50:41,+1.89,0
09:50:41,+1.86,0
09:50:41,+1.88,0
09:50:41,+1.89,0
09:50:41,+1.85,0
09:50:41,+1.89,0
09:50:41,+1.87,0
09:50:41,+1.85,0
09:50:41,+1.87,0
09:50:41,+1.87,0
09:50:41,+1.89,0
09:50:41,+1.87,0
09:50:41,+1.87,0
09:50:41,+1.88,0
09:50:41,+1.86,0
09:50:41,+1.87,0
09:50:41,+1.88,0
09:50:41,+1.83,0
09:50:41,+1.85,0
09:50:42,+1.89,0
09:50:42,+1.87,0
09:50:42,+1.86,0
09:50:42,+1.87,0
09:50:42,+1.85,0
09:50:42,+1.88,0
09:50:42,+1.86,0
09:50:42,+1.87,0
09:50:42,+1.85,0
09:50:42,+1.83,0
09:50:42,+1.85,0
09:50:42,+1.86,0
09:50:42,+1.86,0
09:50:42,+1.86,0
09:50:42,+1.87,0
09:50:42,+1.88,0
09:50:42,+1.91,0
09:50:42,+1.86,0
09:50:42,+1.84,0
09:50:42,+1.87,0
09:50:43,+1.83,0
09:50:43,+1.86,0
09:50:43,+1.85,0
09:50:43,+1.83,0
09:50:43,+1.87,0
09:50:43,+1.86,0
09:50:43,+1.85,0
09:50:43,+1.89,0
09:50:43,+1.85,0
09:50:43,+1.85,0
09:50:43,+1.87,0
09:50:43,+1.83,0
09:50:43,+1.88,0
09:50:43,+1.87,0
09:50:43,+1.83,0
09:50:43,+1.87,0
09:50:43,+1.86,0
09:50:43,+1.85,0
09:50:43,+1.89,0
09:50:43,+1.85,0
09:50:43,+1.85,0
09:50:44,+1.87,0
09:50:44,+1.84,0
09:50:44,+1.86,0
09:50:44,+1.85,0
09:50:44,+1.83,0
09:50:44,+1.87,0
09:50:44,+1.86,0
09:50:44,+1.86,0
09:50:44,+1.91,0
09:50:44,+1.84,0
09:50:44,+1.85,0
09:50:44,+1.89,0
09:50:44,+1.84,0
09:50:44,+1.86,0
09:50:44,+1.84,0
09:50:44,+1.83,0
09:50:44,+1.88,0
09:50:44,+1.87,0
09:50:44,+1.85,0
09:50:44,+1.90,0
09:50:45,+1.85,0
09:50:45,+1.86,0
09:50:45,+1.85,0
09:50:45,+1.85,0
09:50:45,+1.89,0
09:50:45,+1.86,0
09:50:45,+1.84,0
09:50:45,+1.88,0
09:50:45,+1.86,0
09:50:45,+1.86,0
09:50:45,+1.90,0
09:50:45,+1.87,0
09:50:45,+1.90,0
09:50:45,+1.88,0
09:50:45,+1.84,0
09:50:45,+1.87,0
09:50:45,+1.88,0
09:50:45,+1.87,0
09:50:45,+1.89,0
09:50:45,+1.86,0
09:50:46,+1.90,0
09:50:46,+1.89,0
09:50:46,+1.87,0
09:50:46,+1.90,0
09:50:46,+1.88,0
09:50:46,+1.86,0
09:50:46,+1.88,0
09:50:46,+1.85,0
09:50:46,+1.87,0
09:50:46,+1.88,0
09:50:46,+1.86,0
09:50:46,+1.90,0
09:50:46,+1.90,0
09:50:46,+1.88,0
09:50:46,+1.91,0
09:50:46,+1.88,0
09:50:46,+1.86,0
09:50:46,+1.88,0
09:50:46,+1.86,0
09:50:46,+1.87,0
09:50:46,+1.90,0
09:50:47,+1.85,0
09:50:47,+1.89,0
09:50:47,+1.87,0
09:50:47,+1.89,0
09:50:47,+1.90,0
09:50:47,+1.85,0
09:50:47,+1.86,0
09:50:47,+1.88,0
09:50:47,+1.84,0
09:50:47,+1.88,0
09:50:47,+1.90,0
09:50:47,+1.85,0
09:50:47,+1.91,0
09:50:47,+1.89,0
09:50:47,+1.89,0
09:50:47,+1.91,0
09:50:47,+1.86,0
09:50:47,+1.87,0
09:50:47,+1.88,0
09:50:47,+1.86,0
09:50:48,+1.86,0
09:50:48,+1.89,0
09:50:48,+1.86,0
09:50:48,+1.88,0
09:50:48,+1.89,0
09:50:48,+1.86,0
09:50:48,+1.88,0
09:50:48,+1.87,0
09:50:48,+1.88,0
09:50:48,+1.87,0
09:50:48,+1.83,0
09:50:48,+1.87,0
09:50:48,+1.86,0
09:50:48,+1.85,0
09:50:48,+1.88,0
09:50:48,+1.87,0
09:50:48,+1.86,0
09:50:48,+1.87,0
09:50:48,+1.87,0
09:50:48,+1.88,0
09:50:49,+1.88,0
09:50:49,+1.85,0
09:50:49,+1.87,0
09:50:49,+1.86,0
09:50:49,+1.88,0
09:50:49,+1.88,0
09:50:49,+1.86,0
09:50:49,+1.88,0
09:50:49,+1.89,0
09:50:49,+1.85,0
09:50:49,+1.85,0
09:50:49,+1.88,0
09:50:49,+1.86,0
09:50:49,+1.87,0
09:50:49,+1.87,0
09:50:49,+1.85,0
09:50:49,+1.88,0
09:50:49,+1.89,0
09:50:49,+1.90,0
09:50:49,+1.90,0
09:50:49,+1.86,0
09:50:50,+1.88,0
09:50:50,+1.87,0
09:50:50,+1.87,0
09:50:50,+1.88,0
09:50:50,+1.87,0
09:50:50,+1.86,0
09:50:50,+1.90,0
09:50:50,+1.86,0
09:50:50,+1.86,0
09:50:50,+1.87,0
09:50:50,+1.86,0
09:50:50,+1.88,0
09:50:50,+1.87,0
09:50:50,+1.87,0
09:50:50,+1.88,0
09:50:50,+1.85,0
09:50:50,+1.87,0
09:50:50,+1.89,0
09:50:50,+1.89,0
09:50:50,+1.90,0
09:50:51,+1.87,0
09:50:51,+1.86,0
09:50:51,+1.89,0
09:50:51,+1.86,0
09:50:51,+1.87,0
09:50:51,+1.88,0
09:50:51,+1.87,0
09:50:51,+1.88,0
09:50:51,+1.89,0
09:50:51,+1.89,0
09:50:51,+1.90,0
09:50:51,+1.87,0
09:50:51,+1.88,0
09:50:51,+1.90,0
09:50:51,+1.87,0
09:50:51,+1.87,0
09:50:51,+1.87,0
09:50:51,+1.87,0
09:50:51,+1.88,0
09:50:51,+1.89,0
09:50:52,+1.86,0
09:50:52,+1.87,0
09:50:52,+1.88,0
09:50:52,+1.88,0
09:50:52,+1.86,0
09:50:52,+1.84,0
09:50:52,+1.86,0
09:50:52,+1.86,0
09:50:52,+1.85,0
09:50:52,+1.88,0
09:50:52,+1.87,0
09:50:52,+1.86,0
09:50:52,+1.89,0
09:50:52,+1.88,0
09:50:52,+1.86,0
09:50:52,+1.86,0
09:50:52,+1.85,0
09:50:52,+1.88,0
09:50:52,+1.87,0
09:50:52,+1.86,0
09:50:52,+1.87,0
09:50:53,+1.87,0
09:50:53,+1.89,0
09:50:53,+1.91,0
09:50:53,+1.86,0
09:50:53,+1.87,0
09:50:53,+1.88,0
09:50:53,+1.84,0
09:50:53,+1.89,0
09:50:53,+1.89,0
09:50:53,+1.87,0
09:50:53,+1.87,0
09:50:53,+1.87,0
09:50:53,+1.90,0
09:50:53,+1.91,0
09:50:53,+1.88,0
09:50:53,+1.88,0
09:50:53,+1.88,0
09:50:53,+1.85,0
09:50:53,+1.89,0
09:50:53,+1.86,0
09:50:54,+1.86,0
09:50:54,+1.88,0
09:50:54,+1.87,0
09:50:54,+1.86,0
09:50:54,+1.91,0
09:50:54,+1.86,0
09:50:54,+1.87,0
09:50:54,+1.87,0
09:50:54,+1.85,0
09:50:54,+1.87,0
09:50:54,+1.84,0
09:50:54,+1.86,0
09:50:54,+1.90,0
09:50:54,+1.88,0
09:50:54,+1.87,0
09:50:54,+1.91,0
09:50:54,+1.88,0
09:50:54,+1.87,0
09:50:54,+1.86,0
09:50:54,+1.85,0
09:50:55,+1.88,0
09:50:55,+1.85,0
09:50:55,+1.86,0
09:50:55,+1.90,0
09:50:55,+1.87,0
09:50:55,+1.87,0
09:50:55,+1.89,0
09:50:55,+1.89,0
09:50:55,+1.91,0
09:50:55,+1.86,0
09:50:55,+1.86,0
09:50:55,+1.89,0
09:50:55,+1.87,0
09:50:55,+1.87,0
09:50:55,+1.90,0
09:50:55,+1.85,0
09:50:55,+1.88,0
09:50:55,+1.89,0
09:50:55,+1.89,0
09:50:55,+1.92,0
09:50:55,+1.89,0
09:50:56,+1.87,0
09:50:56,+1.90,0
09:50:56,+1.87,0
09:50:56,+1.88,0
09:50:56,+1.92,0
09:50:56,+1.90,0
09:50:56,+1.92,0
09:50:56,+1.90,0
09:50:56,+1.89,0
09:50:56,+1.90,0
09:50:56,+1.90,0
09:50:56,+1.88,0
09:50:56,+1.90,0
09:50:56,+1.87,0
09:50:56,+1.88,0
09:50:56,+1.92,0
09:50:56,+1.90,0
09:50:56,+1.89,0
09:50:56,+1.91,0
09:50:56,+1.90,0
09:50:57,+1.88,0
09:50:57,+1.87,0
09:50:57,+1.88,0
09:50:57,+1.88,0
09:50:57,+1.85,0
09:50:57,+1.89,0
09:50:57,+1.89,0
09:50:57,+1.87,0
09:50:57,+1.90,0
09:50:57,+1.90,0
09:50:57,+1.89,0
09:50:57,+1.90,0
09:50:57,+1.87,0
09:50:57,+1.87,0
09:50:57,+1.89,0
09:50:57,+1.86,0
09:50:57,+1.89,0
09:50:57,+1.91,0
09:50:57,+1.90,0
09:50:57,+1.92,0
09:50:58,+1.90,0
09:50:58,+1.91,0
09:50:58,+1.92,0
09:50:58,+1.89,0
09:50:58,+1.89,0
09:50:58,+1.90,0
09:50:58,+1.88,0
09:50:58,+1.90,0
09:50:58,+1.92,0
09:50:58,+1.91,0
09:50:58,+1.91,0
09:50:58,+1.90,0
09:50:58,+1.90,0
09:50:58,+1.92,0
09:50:58,+1.89,0
09:50:58,+1.90,0
09:50:58,+1.89,0
09:50:58,+1.88,0
09:50:58,+1.89,0
09:50:58,+1.88,0
09:50:58,+1.89,0
09:50:59,+1.91,0
09:50:59,+1.89,0
09:50:59,+1.89,0
09:50:59,+1.91,0
09:50:59,+1.88,0
09:50:59,+1.91,0
09:50:59,+1.89,0
09:50:59,+1.88,0
09:50:59,+1.92,0
09:50:59,+1.89,0
09:50:59,+1.87,0
09:50:59,+1.92,0
09:50:59,+1.89,0
09:50:59,+1.92,0
09:50:59,+1.91,0
09:50:59,+1.89,0
09:50:59,+1.91,0
09:50:59,+1.89,0
09:50:59,+1.89,0
09:50:59,+1.91,0
09:51:00,+1.91,0
09:51:00,+1.88,0
09:51:00,+1.92,0
09:51:00,+1.92,0
09:51:00,+1.93,0
09:51:00,+1.90,0
09:51:00,+1.89,0
09:51:00,+1.91,0
09:51:00,+1.90,0
09:51:00,+1.90,0
09:51:00,+1.91,0
09:51:00,+1.91,0
09:51:00,+1.91,0
09:51:00,+1.92,0
09:51:00,+1.90,0
09:51:00,+1.94,0
09:51:00,+1.91,0
09:51:00,+1.89,0
09:51:00,+1.92,0
09:51:00,+1.90,0
09:51:01,+1.91,0
09:51:01,+1.91,0
09:51:01,+1.91,0
09:51:01,+1.89,0
09:51:01,+1.92,0
09:51:01,+1.92,0
09:51:01,+1.94,0
09:51:01,+1.90,0
09:51:01,+1.90,0
09:51:01,+1.90,0
09:51:01,+1.90,0
09:51:01,+1.89,0
09:51:01,+1.91,0
09:51:01,+1.91,0
09:51:01,+1.91,0
09:51:01,+1.92,0
09:51:01,+1.90,0
09:51:01,+1.91,0
09:51:01,+1.90,0
09:51:01,+1.90,0
09:51:01,+1.89,0
09:51:02,+1.90,0
09:51:02,+1.89,0
09:51:02,+1.88,0
09:51:02,+1.87,0
09:51:02,+1.92,0
09:51:02,+1.89,0
09:51:02,+1.88,0
09:51:02,+1.91,0
09:51:02,+1.91,0
09:51:02,+1.90,0
09:51:02,+1.89,0
09:51:02,+1.90,0
09:51:02,+1.89,0
09:51:02,+1.88,0
09:51:02,+1.88,0
09:51:02,+1.92,0
09:51:02,+1.89,0
09:51:02,+1.90,0
09:51:02,+1.92,0
09:51:02,+1.89,0
09:51:03,+1.91,0
09:51:03,+1.90,0
09:51:03,+1.90,0
09:51:03,+1.92,0
09:51:03,+1.87,0
09:51:03,+1.88,0
09:51:03,+1.91,0
09:51:03,+1.92,0
09:51:03,+1.91,0
09:51:03,+1.94,0
09:51:03,+1.91,0
09:51:03,+1.92,0
09:51:03,+1.93,0
09:51:03,+1.90,0
09:51:03,+1.94,0
09:51:03,+1.92,0
09:51:03,+1.89,0
09:51:03,+1.94,0
09:51:03,+1.92,0
09:51:03,+1.90,0
09:51:04,+1.92,0
09:51:04,+1.91,0
09:51:04,+1.92,0
09:51:04,+1.90,0
09:51:04,+1.90,0
09:51:04,+1.91,0
09:51:04,+1.88,0
09:51:04,+1.90,0
09:51:04,+1.92,0
09:51:04,+1.88,0
09:51:04,+1.90,0
09:51:04,+1.92,0
09:51:04,+1.92,0
09:51:04,+1.92,0
09:51:04,+1.90,0
09:51:04,+1.92,0
09:51:04,+1.90,0
09:51:04,+1.88,0
09:51:04,+1.91,0
09:51:04,+1.93,0
09:51:04,+1.88,0
09:51:05,+1.91,0
09:51:05,+1.92,0
09:51:05,+1.93,0
09:51:05,+1.96,0
09:51:05,+1.91,0
09:51:05,+1.90,0
09:51:05,+1.94,0
09:51:05,+1.91,0
09:51:05,+1.92,0
09:51:05,+1.92,0
09:51:05,+1.91,0
09:51:05,+1.91,0
09:51:05,+1.92,0
09:51:05,+1.93,0
09:51:05,+1.92,0
09:51:05,+1.93,0
09:51:05,+1.92,0
09:51:05,+1.95,0
09:51:05,+1.91,0
09:51:05,+1.92,0
09:51:06,+1.92,0
09:51:06,+1.91,0
09:51:06,+1.94,0
09:51:06,+1.93,0
09:51:06,+1.94,0
09:51:06,+1.95,0
09:51:06,+1.93,0
09:51:06,+1.93,0
09:51:06,+1.94,0
09:51:06,+1.88,0
09:51:06,+1.92,0
09:51:06,+1.95,0
09:51:06,+1.93,0
09:51:06,+1.93,0
09:51:06,+1.92,0
09:51:06,+1.94,0
09:51:06,+1.94,0
09:51:06,+1.92,0
09:51:06,+1.94,0
09:51:06,+1.95,0
09:51:07,+1.90,0
09:51:07,+1.93,0
09:51:07,+1.95,0
09:51:07,+1.90,0
09:51:07,+1.94,0
09:51:07,+1.93,0
09:51:07,+1.95,0
09:51:07,+1.95,0
09:51:07,+1.92,0
09:51:07,+1.92,0
09:51:07,+1.91,0
09:51:07,+1.91,0
09:51:07,+1.95,0
09:51:07,+1.95,0
09:51:07,+1.94,0
09:51:07,+1.95,0
09:51:07,+1.93,0
09:51:07,+1.92,0
09:51:07,+1.96,0
09:51:07,+1.91,0
09:51:07,+1.92,0
09:51:08,+1.93,0
09:51:08,+1.91,0
09:51:08,+1.95,0
09:51:08,+1.93,0
09:51:08,+1.90,0
09:51:08,+1.95,0
09:51:08,+1.93,0
09:51:08,+1.93,0
09:51:08,+1.96,0
09:51:08,+1.94,0
09:51:08,+1.93,0
09:51:08,+1.95,0
09:51:08,+1.92,0
09:51:08,+1.95,0
09:51:08,+1.91,0
09:51:08,+1.93,0
09:51:08,+1.97,0
09:51:08,+1.96,0
09:51:08,+1.96,0
09:51:08,+1.96,0
09:51:09,+1.95,0
09:51:09,+1.96,0
09:51:09,+1.95,0
09:51:09,+1.92,0
09:51:09,+1.96,0
09:51:09,+1.92,0
09:51:09,+1.96,0
09:51:09,+1.97,0
09:51:09,+1.93,0
09:51:09,+1.97,0
09:51:09,+1.97,0
09:51:09,+1.96,0
09:51:09,+1.99,0
09:51:09,+1.95,0
09:51:09,+1.93,0
09:51:09,+1.96,0
09:51:09,+1.93,0
09:51:09,+1.96,0
09:51:09,+1.97,0
09:51:09,+1.94,0
09:51:10,+1.99,0
09:51:10,+1.97,0
09:51:10,+1.97,0
09:51:10,+1.94,0
09:51:10,+1.95,0
09:51:10,+1.96,0
09:51:10,+1.98,0
09:51:10,+1.94,0
09:51:10,+1.95,0
09:51:10,+1.96,0
09:51:10,+1.94,0
09:51:10,+1.98,0
09:51:10,+1.98,0
09:51:10,+1.97,0
09:51:10,+1.95,0
09:51:10,+1.93,0
09:51:10,+1.97,0
09:51:10,+1.97,0
09:51:10,+1.94,0
09:51:10,+1.96,0
09:51:10,+1.96,0
09:51:11,+1.95,0
09:51:11,+1.99,0
09:51:11,+1.96,0
09:51:11,+1.95,0
09:51:11,+1.96,0
09:51:11,+1.96,0
09:51:11,+1.98,0
09:51:11,+1.98,0
09:51:11,+1.95,0
09:51:11,+1.96,0
09:51:11,+1.96,0
09:51:11,+1.96,0
09:51:11,+1.99,0
09:51:11,+1.98,0
09:51:11,+2.00,0
09:51:11,+2.00,0
09:51:11,+1.96,0
09:51:11,+1.99,0
09:51:11,+1.98,0
09:51:11,+1.97,0
09:51:12,+1.98,0
09:51:12,+1.98,0
09:51:12,+1.97,0
09:51:12,+2.01,0
09:51:12,+1.98,0
09:51:12,+2.01,0
09:51:12,+2.00,0
09:51:12,+1.96,0
09:51:12,+1.98,0
09:51:12,+1.98,0
09:51:12,+1.96,0
09:51:12,+1.99,0
09:51:12,+1.98,0
09:51:12,+1.98,0
09:51:12,+2.01,0
09:51:12,+1.99,0
09:51:12,+2.02,0
09:51:12,+2.00,0
09:51:12,+1.97,0
09:51:12,+2.01,0
09:51:13,+1.99,0
09:51:13,+1.97,0
09:51:13,+1.99,0
09:51:13,+1.99,0
09:51:13,+1.99,0
09:51:13,+2.01,0
09:51:13,+2.00,0
09:51:13,+2.02,0
09:51:13,+2.00,0
09:51:13,+1.97,0
09:51:13,+2.02,0
09:51:13,+1.99,0
09:51:13,+1.99,0
09:51:13,+2.00,0
09:51:13,+1.99,0
09:51:13,+2.00,0
09:51:13,+2.00,0
09:51:13,+1.98,0
09:51:13,+2.00,0
09:51:13,+1.99,0
09:51:13,+1.97,0
09:51:14,+1.99,0
09:51:14,+1.97,0
09:51:14,+2.00,0
09:51:14,+2.00,0
09:51:14,+1.97,0
09:51:14,+2.01,0
09:51:14,+1.99,0
09:51:14,+2.00,0
09:51:14,+2.02,0
09:51:14,+1.99,0
09:51:14,+1.99,0
09:51:14,+2.02,0
09:51:14,+1.98,0
09:51:14,+1.99,0
09:51:14,+1.98,0
09:51:14,+1.98,0
09:51:14,+2.02,0
09:51:14,+2.02,0
09:51:14,+1.99,0
09:51:14,+2.01,0
09:51:15,+2.01,0
09:51:15,+2.02,0
09:51:15,+2.02,0
09:51:15,+1.97,0
09:51:15,+2.01,0
09:51:15,+2.00,0
09:51:15,+1.98,0
09:51:15,+2.03,0
09:51:15,+2.02,0
09:51:15,+2.00,0
09:51:15,+2.01,0
09:51:15,+2.01,0
09:51:15,+2.01,0
09:51:15,+2.05,0
09:51:15,+2.00,0
09:51:15,+2.02,0
09:51:15,+2.01,0
09:51:15,+1.99,0
09:51:15,+2.04,0
09:51:15,+2.01,0
09:51:16,+2.04,0
09:51:16,+2.05,0
09:51:16,+2.00,0
09:51:16,+2.01,0
09:51:16,+2.01,0
09:51:16,+2.00,0
09:51:16,+2.02,0
09:51:16,+1.99,0
09:51:16,+2.01,0
09:51:16,+2.03,0
09:51:16,+2.00,0
09:51:16,+2.01,0
09:51:16,+2.04,0
09:51:16,+2.03,0
09:51:16,+2.02,0
09:51:16,+2.02,0
09:51:16,+2.01,0
09:51:16,+2.04,0
09:51:16,+2.02,0
09:51:16,+2.01,0
09:51:16,+2.06,0
09:51:17,+2.04,0
09:51:17,+2.06,0
09:51:17,+2.05,0
09:51:17,+2.04,0
09:51:17,+2.03,0
09:51:17,+2.02,0
09:51:17,+2.02,0
09:51:17,+2.04,0
09:51:17,+2.02,0
09:51:17,+2.04,0
09:51:17,+2.07,0
09:51:17,+2.04,0
09:51:17,+2.07,0
09:51:17,+2.06,0
09:51:17,+2.05,0
09:51:17,+2.04,0
09:51:17,+2.03,0
09:51:17,+2.02,0
09:51:17,+2.04,0
09:51:17,+2.01,0
09:51:18,+2.05,0
09:51:18,+2.06,0
09:51:18,+2.01,0
09:51:18,+2.05,0
09:51:18,+2.08,0
09:51:18,+2.06,0
09:51:18,+2.05,0
09:51:18,+2.04,0
09:51:18,+2.05,0
09:51:18,+2.07,0
09:51:18,+2.02,0
09:51:18,+2.05,0
09:51:18,+2.09,0
09:51:18,+2.06,0
09:51:18,+2.08,0
09:51:18,+2.06,0
09:51:18,+2.06,0
09:51:18,+2.08,0
09:51:18,+2.06,0
09:51:18,+2.06,0
09:51:19,+2.06,0
09:51:19,+2.06,0
09:51:19,+2.07,0
09:51:19,+2.06,0
09:51:19,+2.02,0
09:51:19,+2.07,0
09:51:19,+2.06,0
09:51:19,+2.08,0
09:51:19,+2.09,0
09:51:19,+2.06,0
09:51:19,+2.08,0
09:51:19,+2.06,0
09:51:19,+2.04,0
09:51:19,+2.08,0
09:51:19,+2.07,0
09:51:19,+2.04,0
09:51:19,+2.08,0
09:51:19,+2.06,0
09:51:19,+2.06,0
09:51:19,+2.08,0
09:51:19,+2.07,0
09:51:20,+2.09,0
09:51:20,+2.07,0
09:51:20,+2.06,0
09:51:20,+2.07,0
09:51:20,+2.07,0
09:51:20,+2.05,0
09:51:20,+2.09,0
09:51:20,+2.07,0
09:51:20,+2.07,0
09:51:20,+2.09,0
09:51:20,+2.07,0
09:51:20,+2.07,0
09:51:20,+2.08,0
09:51:20,+2.07,0
09:51:20,+2.08,0
09:51:20,+2.10,0
09:51:20,+2.08,0
09:51:20,+2.10,0
09:51:20,+2.11,0
09:51:20,+2.12,0
09:51:21,+2.10,0
09:51:21,+2.08,0
09:51:21,+2.08,0
09:51:21,+2.09,0
09:51:21,+2.08,0
09:51:21,+2.08,0
09:51:21,+2.06,0
09:51:21,+2.08,0
09:51:21,+2.11,0
09:51:21,+2.09,0
09:51:21,+2.13,0
09:51:21,+2.11,0
09:51:21,+2.09,0
09:51:21,+2.13,0
09:51:21,+2.10,0
09:51:21,+2.11,0
09:51:21,+2.11,0
09:51:21,+2.11,0
09:51:21,+2.10,0
09:51:21,+2.12,0
09:51:22,+2.09,0
09:51:22,+2.13,0
09:51:22,+2.11,0
09:51:22,+2.11,0
09:51:22,+2.14,0
09:51:22,+2.10,0
09:51:22,+2.12,0
09:51:22,+2.12,0
09:51:22,+2.10,0
09:51:22,+2.10,0
09:51:22,+2.12,0
09:51:22,+2.08,0
09:51:22,+2.12,0
09:51:22,+2.10,0
09:51:22,+2.14,0
09:51:22,+2.14,0
09:51:22,+2.11,0
09:51:22,+2.13,0
09:51:22,+2.12,0
09:51:22,+2.11,0
09:51:22,+2.11,0
09:51:23,+2.10,0
09:51:23,+2.09,0
09:51:23,+2.12,0
09:51:23,+2.11,0
09:51:23,+2.13,0
09:51:23,+2.14,0
09:51:23,+2.10,0
09:51:23,+2.13,0
09:51:23,+2.12,0
09:51:23,+2.11,0
09:51:23,+2.12,0
09:51:23,+2.12,0
09:51:23,+2.10,0
09:51:23,+2.13,0
09:51:23,+2.11,0
09:51:23,+2.14,0
09:51:23,+2.14,0
09:51:23,+2.12,0
09:51:23,+2.13,0
09:51:23,+2.10,0
09:51:24,+2.12,0
09:51:24,+2.13,0
09:51:24,+2.13,0
09:51:24,+2.13,0
09:51:24,+2.16,0
09:51:24,+2.15,0
09:51:24,+2.17,0
09:51:24,+2.15,0
09:51:24,+2.14,0
09:51:24,+2.18,0
09:51:24,+2.15,0
09:51:24,+2.13,0
09:51:24,+2.14,0
09:51:24,+2.14,0
09:51:24,+2.14,0
09:51:24,+2.15,0
09:51:24,+2.14,0
09:51:24,+2.16,0
09:51:24,+2.17,0
09:51:24,+2.15,0
09:51:25,+2.18,0
09:51:25,+2.14,0
09:51:25,+2.14,0
09:51:25,+2.15,0
09:51:25,+2.15,0
09:51:25,+2.16,0
09:51:25,+2.16,0
09:51:25,+2.15,0
09:51:25,+2.17,0
09:51:25,+2.18,0
09:51:25,+2.16,0
09:51:25,+2.18,0
09:51:25,+2.13,0
09:51:25,+2.16,0
09:51:25,+2.16,0
09:51:25,+2.11,0
09:51:25,+2.16,0
09:51:25,+2.16,0
09:51:25,+2.14,0
09:51:25,+2.18,0
09:51:25,+2.15,0
09:51:26,+2.15,0
09:51:26,+2.17,0
09:51:26,+2.14,0
09:51:26,+2.15,0
09:51:26,+2.14,0
09:51:26,+2.12,0
09:51:26,+2.16,0
09:51:26,+2.15,0
09:51:26,+2.18,0
09:51:26,+2.17,0
09:51:26,+2.16,0
09:51:26,+2.18,0
09:51:26,+2.20,0
09:51:26,+2.16,0
09:51:26,+2.17,0
09:51:26,+2.17,0
09:51:26,+2.16,0
09:51:26,+2.19,0
09:51:26,+2.16,0
09:51:26,+2.17,0
09:51:27,+2.18,0
09:51:27,+2.19,0
09:51:27,+2.20,0
09:51:27,+2.20,0
09:51:27,+2.17,0
09:51:27,+2.18,0
09:51:27,+2.16,0
09:51:27,+2.15,0
09:51:27,+2.20,0
09:51:27,+2.18,0
09:51:27,+2.19,0
09:51:27,+2.18,0
09:51:27,+2.17,0
09:51:27,+2.17,0
09:51:27,+2.20,0
09:51:27,+2.16,0
09:51:27,+2.17,0
09:51:27,+2.15,0
09:51:27,+2.16,0
09:51:27,+2.18,0
09:51:28,+2.18,0
09:51:28,+2.19,0
09:51:28,+2.19,0
09:51:28,+2.17,0
09:51:28,+2.20,0
09:51:28,+2.20,0
09:51:28,+2.16,0
09:51:28,+2.20,0
09:51:28,+2.16,0
09:51:28,+2.17,0
09:51:28,+2.20,0
09:51:28,+2.17,0
09:51:28,+2.19,0
09:51:28,+2.21,0
09:51:28,+2.17,0
09:51:28,+2.19,0
09:51:28,+2.20,0
09:51:28,+2.16,0
09:51:28,+2.20,0
09:51:28,+2.17,0
09:51:28,+2.16,0
09:51:29,+2.18,0
09:51:29,+2.16,0
09:51:29,+2.20,0
09:51:29,+2.19,0
09:51:29,+2.18,0
09:51:29,+2.20,0
09:51:29,+2.20,0
09:51:29,+2.17,0
09:51:29,+2.18,0
09:51:29,+2.17,0
09:51:29,+2.19,0
09:51:29,+2.21,0
09:51:29,+2.16,0
09:51:29,+2.19,0
09:51:29,+2.19,0
09:51:29,+2.18,0
09:51:29,+2.21,0
09:51:29,+2.20,0
09:51:29,+2.20,0
09:51:29,+2.22,0
09:51:30,+2.17,0
09:51:30,+2.21,0
09:51:30,+2.22,0
09:51:30,+2.16,0
09:51:30,+2.20,0
09:51:30,+2.22,0
09:51:30,+2.22,0
09:51:30,+2.21,0
09:51:30,+2.22,0
09:51:30,+2.21,0
09:51:30,+2.22,0
09:51:30,+2.20,0
09:51:30,+2.20,0
09:51:30,+2.19,0
09:51:30,+2.20,0
09:51:30,+2.22,0
09:51:30,+2.23,0
09:51:30,+2.22,0
09:51:30,+2.21,0
09:51:30,+2.22,0
09:51:31,+2.23,0
09:51:31,+2.19,0
09:51:31,+2.18,0
09:51:31,+2.20,0
09:51:31,+2.19,0
09:51:31,+2.20,0
09:51:31,+2.22,0
09:51:31,+2.21,0
09:51:31,+2.22,0
09:51:31,+2.23,0
09:51:31,+2.20,0
09:51:31,+2.22,0
09:51:31,+2.22,0
09:51:31,+2.21,0
09:51:31,+2.21,0
09:51:31,+2.18,0
09:51:31,+2.20,0
09:51:31,+2.22,0
09:51:31,+2.22,0
09:51:31,+2.22,0
09:51:31,+2.22,0
09:51:32,+2.23,0
09:51:32,+2.20,0
09:51:32,+2.20,0
09:51:32,+2.19,0
09:51:32,+2.19,0
09:51:32,+2.19,0
09:51:32,+2.20,0
09:51:32,+2.19,0
09:51:32,+2.18,0
09:51:32,+2.22,0
09:51:32,+2.20,0
09:51:32,+2.19,0
09:51:32,+2.21,0
09:51:32,+2.22,0
09:51:32,+2.22,0
09:51:32,+2.21,0
09:51:32,+2.20,0
09:51:32,+2.22,0
09:51:32,+2.20,0
09:51:32,+2.17,0
09:51:33,+2.22,0
09:51:33,+2.19,0
09:51:33,+2.19,0
09:51:33,+2.22,0
09:51:33,+2.21,0
09:51:33,+2.22,0
09:51:33,+2.23,0
09:51:33,+2.20,0
09:51:33,+2.20,0
09:51:33,+2.18,0
09:51:33,+2.19,0
09:51:33,+2.21,0
09:51:33,+2.18,0
09:51:33,+2.19,0
09:51:33,+2.22,0
09:51:33,+2.20,0
09:51:33,+2.25,0
09:51:33,+2.21,0
09:51:33,+2.18,0
09:51:33,+2.21,0
09:51:34,+2.17,0
09:51:34,+2.20,0
09:51:34,+2.21,0
09:51:34,+2.22,0
09:51:34,+2.21,0
09:51:34,+2.24,0
09:51:34,+2.21,0
09:51:34,+2.23,0
09:51:34,+2.23,0
09:51:34,+2.21,0
09:51:34,+2.24,0
09:51:34,+2.19,0
09:51:34,+2.21,0
09:51:34,+2.24,0
09:51:34,+2.18,0
09:51:34,+2.20,0
09:51:34,+2.21,0
09:51:34,+2.19,0
09:51:34,+2.24,0
09:51:34,+2.20,0
09:51:34,+2.18,0
09:51:35,+2.21,0
09:51:35,+2.18,0
09:51:35,+2.20,0
09:51:35,+2.20,0
09:51:35,+2.19,0
09:51:35,+2.20,0
09:51:35,+2.20,0
09:51:35,+2.22,0
09:51:35,+2.25,0
09:51:35,+2.20,0
09:51:35,+2.22,0
09:51:35,+2.24,0
09:51:35,+2.18,0
09:51:35,+2.21,0
09:51:35,+2.20,0
09:51:35,+2.19,0
09:51:35,+2.22,0
09:51:35,+2.21,0
09:51:35,+2.22,0
09:51:35,+2.23,0
09:51:36,+2.21,0
09:51:36,+2.24,0
09:51:36,+2.24,0
09:51:36,+2.19,0
09:51:36,+2.20,0
09:51:36,+2.23,0
09:51:36,+2.20,0
09:51:36,+2.22,0
09:51:36,+2.20,0
09:51:36,+2.19,0
09:51:36,+2.24,0
09:51:36,+2.19,0
09:51:36,+2.20,0
09:51:36,+2.22,0
09:51:36,+2.20,0
09:51:36,+2.22,0
09:51:36,+2.18,0
09:51:36,+2.18,0
09:51:36,+2.22,0
09:51:36,+2.19,0
09:51:37,+2.20,0
09:51:37,+2.24,0
09:51:37,+2.21,0
09:51:37,+2.21,0
09:51:37,+2.22,0
09:51:37,+2.20,0
09:51:37,+2.23,0
09:51:37,+2.19,0
09:51:37,+2.18,0
09:51:37,+2.22,0
09:51:37,+2.19,0
09:51:37,+2.20,0
09:51:37,+2.23,0
09:51:37,+2.19,0
09:51:37,+2.21,0
09:51:37,+2.23,0
09:51:37,+2.21,0
09:51:37,+2.20,0
09:51:37,+2.18,0
09:51:37,+2.20,0
09:51:37,+2.24,0
09:51:38,+2.18,0
09:51:38,+2.21,0
09:51:38,+2.23,0
09:51:38,+2.20,0
09:51:38,+2.24,0
09:51:38,+2.21,0
09:51:38,+2.21,0
09:51:38,+2.22,0
09:51:38,+2.20,0
09:51:38,+2.20,0
09:51:38,+2.21,0
09:51:38,+2.19,0
09:51:38,+2.22,0
09:51:38,+2.24,0
09:51:38,+2.23,0
09:51:38,+2.24,0
09:51:38,+2.20,0
09:51:38,+2.22,0
09:51:38,+2.22,0
09:51:38,+2.20,0
09:51:39,+2.21,0
09:51:39,+2.19,0
09:51:39,+2.18,0
09:51:39,+2.21,0
09:51:39,+2.19,0
09:51:39,+2.20,0
09:51:39,+2.22,0
09:51:39,+2.20,0
09:51:39,+2.19,0
09:51:39,+2.20,0
09:51:39,+2.18,0
09:51:39,+2.18,0
09:51:39,+2.21,0
09:51:39,+2.18,0
09:51:39,+2.20,0
09:51:39,+2.21,0
09:51:39,+2.22,0
09:51:39,+2.23,0
09:51:39,+2.19,0
09:51:39,+2.22,0
09:51:40,+2.22,0
09:51:40,+2.20,0
09:51:40,+2.21,0
09:51:40,+2.20,0
09:51:40,+2.21,0
09:51:40,+2.22,0
09:51:40,+2.22,0
09:51:40,+2.19,0
09:51:40,+2.22,0
09:51:40,+2.23,0
09:51:40,+2.24,0
09:51:40,+2.22,0
09:51:40,+2.20,0
09:51:40,+2.22,0
09:51:40,+2.19,0
09:51:40,+2.21,0
09:51:40,+2.22,0
09:51:40,+2.18,0
09:51:40,+2.19,0
09:51:40,+2.22,0
09:51:40,+2.20,0
09:51:41,+2.24,0
09:51:41,+2.19,0
09:51:41,+2.19,0
09:51:41,+2.19,0
09:51:41,+2.19,0
09:51:41,+2.21,0
09:51:41,+2.18,0
09:51:41,+2.20,0
09:51:41,+2.20,0
09:51:41,+2.21,0
09:51:41,+2.18,0
09:51:41,+2.22,0
09:51:41,+2.21,0
09:51:41,+2.23,0
09:51:41,+2.20,0
09:51:41,+2.17,0
09:51:41,+2.20,0
09:51:41,+2.17,0
09:51:41,+2.20,0
09:51:41,+2.20,0
09:51:42,+2.21,0
09:51:42,+2.18,0
09:51:42,+2.23,0
09:51:42,+2.21,0
09:51:42,+2.20,0
09:51:42,+2.23,0
09:51:42,+2.19,0
09:51:42,+2.21,0
09:51:42,+2.17,0
09:51:42,+2.19,0
09:51:42,+2.23,0
09:51:42,+2.21,0
09:51:42,+2.22,0
09:51:42,+2.22,0
09:51:42,+2.21,0
09:51:42,+2.22,0
09:51:42,+2.19,0
09:51:42,+2.20,0
09:51:42,+2.22,0
09:51:42,+2.16,0
09:51:43,+2.18,0
09:51:43,+2.22,0
09:51:43,+2.16,0
09:51:43,+2.21,0
09:51:43,+2.22,0
09:51:43,+2.21,0
09:51:43,+2.24,0
09:51:43,+2.19,0
09:51:43,+2.17,0
09:51:43,+2.22,0
09:51:43,+2.18,0
09:51:43,+2.20,0
09:51:43,+2.20,0
09:51:43,+2.20,0
09:51:43,+2.21,0
09:51:43,+2.22,0
09:51:43,+2.20,0
09:51:43,+2.22,0
09:51:43,+2.21,0
09:51:43,+2.20,0
09:51:43,+2.23,0
09:51:44,+2.18,0
09:51:44,+2.20,0
09:51:44,+2.19,0
09:51:44,+2.19,0
09:51:44,+2.21,0
09:51:44,+2.19,0
09:51:44,+2.21,0
09:51:44,+2.22,0
09:51:44,+2.21,0
09:51:44,+2.22,0
09:51:44,+2.22,0
09:51:44,+2.18,0
09:51:44,+2.19,0
09:51:44,+2.20,0
09:51:44,+2.17,0
09:51:44,+2.21,0
09:51:44,+2.18,0
09:51:44,+2.21,0
09:51:44,+2.22,0
09:51:44,+2.18,0
09:51:45,+2.19,0
09:51:45,+2.18,0
09:51:45,+2.18,0
09:51:45,+2.19,0
09:51:45,+2.21,0
09:51:45,+2.17,0
09:51:45,+2.20,0
09:51:45,+2.18,0
09:51:45,+2.18,0
09:51:45,+2.22,0
09:51:45,+2.17,0
09:51:45,+2.18,0
09:51:45,+2.18,0
09:51:45,+2.19,0
09:51:45,+2.17,0
09:51:45,+2.16,0
09:51:45,+2.16,0
09:51:45,+2.19,0
09:51:45,+2.16,0
09:51:45,+2.20,0
09:51:46,+2.19,0
09:51:46,+2.18,0
09:51:46,+2.22,0
09:51:46,+2.20,0
09:51:46,+2.18,0
09:51:46,+2.20,0
09:51:46,+2.16,0
09:51:46,+2.16,0
09:51:46,+2.18,0
09:51:46,+2.15,0
09:51:46,+2.20,0
09:51:46,+2.21,0
09:51:46,+2.20,0
09:51:46,+2.21,0
09:51:46,+2.19,0
09:51:46,+2.18,0
09:51:46,+2.20,0
09:51:46,+2.18,0
09:51:46,+2.18,0
09:51:46,+2.18,0
09:51:46,+2.15,0
09:51:47,+2.17,0
09:51:47,+2.20,0
09:51:47,+2.20,0
09:51:47,+2.22,0
09:51:47,+2.18,0
09:51:47,+2.19,0
09:51:47,+2.18,0
09:51:47,+2.16,0
09:51:47,+2.16,0
09:51:47,+2.19,0
09:51:47,+2.14,0
09:51:47,+2.17,0
09:51:47,+2.20,0
09:51:47,+2.20,0
09:51:47,+2.21,0
09:51:47,+2.17,0
09:51:47,+2.19,0
09:51:47,+2.20,0
09:51:47,+2.17,0
09:51:47,+2.18,0
09:51:48,+2.16,0
09:51:48,+2.16,0
09:51:48,+2.20,0
09:51:48,+2.19,0
09:51:48,+2.16,0
09:51:48,+2.20,0
09:51:48,+2.20,0
09:51:48,+2.17,0
09:51:48,+2.17,0
09:51:48,+2.16,0
09:51:48,+2.16,0
09:51:48,+2.18,0
09:51:48,+2.15,0
09:51:48,+2.16,0
09:51:48,+2.15,0
09:51:48,+2.19,0
09:51:48,+2.17,0
09:51:48,+2.17,0
09:51:48,+2.21,0
09:51:48,+2.19,0
09:51:49,+2.19,0
09:51:49,+2.19,0
09:51:49,+2.17,0
09:51:49,+2.17,0
09:51:49,+2.19,0
09:51:49,+2.18,0
09:51:49,+2.18,0
09:51:49,+2.18,0
09:51:49,+2.17,0
09:51:49,+2.21,0
09:51:49,+2.18,0
09:51:49,+2.17,0
09:51:49,+2.19,0
09:51:49,+2.16,0
09:51:49,+2.19,0
09:51:49,+2.16,0
09:51:49,+2.14,0
09:51:49,+2.17,0
09:51:49,+2.18,0
09:51:49,+2.17,0
09:51:49,+2.20,0
09:51:50,+2.18,0
09:51:50,+2.17,0
09:51:50,+2.16,0
09:51:50,+2.16,0
09:51:50,+2.18,0
09:51:50,+2.17,0
09:51:50,+2.17,0
09:51:50,+2.17,0
09:51:50,+2.18,0
09:51:50,+2.19,0
09:51:50,+2.19,0
09:51:50,+2.17,0
09:51:50,+2.16,0
09:51:50,+2.17,0
09:51:50,+2.14,0
09:51:50,+2.20,0
09:51:50,+2.16,0
09:51:50,+2.15,0
09:51:50,+2.16,0
09:51:50,+2.16,0
09:51:51,+2.17,0
09:51:51,+2.19,0
09:51:51,+2.18,0
09:51:51,+2.20,0
09:51:51,+2.16,0
09:51:51,+2.14,0
09:51:51,+2.20,0
09:51:51,+2.16,0
09:51:51,+2.15,0
09:51:51,+2.16,0
09:51:51,+2.14,0
09:51:51,+2.15,0
09:51:51,+2.15,0
09:51:51,+2.14,0
09:51:51,+2.20,0
09:51:51,+2.15,0
09:51:51,+2.13,0
09:51:51,+2.16,0
09:51:51,+2.13,0
09:51:51,+2.16,0
09:51:52,+2.16,0
09:51:52,+2.11,0
09:51:52,+2.15,0
09:51:52,+2.15,0
09:51:52,+2.14,0
09:51:52,+2.18,0
09:51:52,+2.15,0
09:51:52,+2.14,0
09:51:52,+2.16,0
09:51:52,+2.13,0
09:51:52,+2.14,0
09:51:52,+2.13,0
09:51:52,+2.11,0
09:51:52,+2.15,0
09:51:52,+2.13,0
09:51:52,+2.13,0
09:51:52,+2.17,0
09:51:52,+2.14,0
09:51:52,+2.14,0
09:51:52,+2.16,0
09:51:52,+2.13,0
09:51:53,+2.14,0
09:51:53,+2.17,0
09:51:53,+2.12,0
09:51:53,+2.16,0
09:51:53,+2.14,0
09:51:53,+2.13,0
09:51:53,+2.18,0
09:51:53,+2.15,0
09:51:53,+2.18,0
09:51:53,+2.17,0
09:51:53,+2.14,0
09:51:53,+2.15,0
09:51:53,+2.16,0
09:51:53,+2.13,0
09:51:53,+2.16,0
09:51:53,+2.13,0
09:51:53,+2.13,0
09:51:53,+2.17,0
09:51:53,+2.16,0
09:51:53,+2.18,0
09:51:54,+2.15,0
09:51:54,+2.14,0
09:51:54,+2.15,0
09:51:54,+2.14,0
09:51:54,+2.13,0
09:51:54,+2.15,0
09:51:54,+2.12,0
09:51:54,+2.16,0
09:51:54,+2.17,0
09:51:54,+2.15,0
09:51:54,+2.18,0
09:51:54,+2.13,0
09:51:54,+2.16,0
09:51:54,+2.16,0
09:51:54,+2.10,0
09:51:54,+2.13,0
09:51:54,+2.14,0
09:51:54,+2.12,0
09:51:54,+2.15,0
09:51:54,+2.17,0
09:51:55,+2.15,0
09:51:55,+2.15,0
09:51:55,+2.14,0
09:51:55,+2.11,0
09:51:55,+2.14,0
09:51:55,+2.11,0
09:51:55,+2.11,0
09:51:55,+2.12,0
09:51:55,+2.10,0
09:51:55,+2.13,0
09:51:55,+2.12,0
09:51:55,+2.12,0
09:51:55,+2.17,0
09:51:55,+2.12,0
09:51:55,+2.14,0
09:51:55,+2.13,0
09:51:55,+2.12,0
09:51:55,+2.14,0
09:51:55,+2.13,0
09:51:55,+2.12,0
09:51:55,+2.14,0
09:51:56,+2.14,0
09:51:56,+2.14,0
09:51:56,+2.14,0
09:51:56,+2.15,0
09:51:56,+2.16,0
09:51:56,+2.12,0
09:51:56,+2.11,0
09:51:56,+2.11,0
09:51:56,+2.12,0
09:51:56,+2.11,0
09:51:56,+2.12,0
09:51:56,+2.09,0
09:51:56,+2.12,0
09:51:56,+2.14,0
09:51:56,+2.11,0
09:51:56,+2.15,0
09:51:56,+2.13,0
09:51:56,+2.11,0
09:51:56,+2.14,0
09:51:56,+2.11,0
09:51:57,+2.12,0
09:51:57,+2.10,0
09:51:57,+2.09,0
09:51:57,+2.12,0
09:51:57,+2.13,0
09:51:57,+2.11,0
09:51:57,+2.14,0
09:51:57,+2.13,0
09:51:57,+2.11,0
09:51:57,+2.11,0
09:51:57,+2.11,0
09:51:57,+2.10,0
09:51:57,+2.09,0
09:51:57,+2.09,0
09:51:57,+2.12,0
09:51:57,+2.10,0
09:51:57,+2.09,0
09:51:57,+2.12,0
09:51:57,+2.13,0
09:51:57,+2.14,0
09:51:58,+2.13,0
09:51:58,+2.10,0
09:51:58,+2.10,0
09:51:58,+2.10,0
09:51:58,+2.11,0
09:51:58,+2.11,0
09:51:58,+2.10,0
09:51:58,+2.08,0
09:51:58,+2.11,0
09:51:58,+2.09,0
09:51:58,+2.12,0
09:51:58,+2.12,0
09:51:58,+2.09,0
09:51:58,+2.11,0
09:51:58,+2.09,0
09:51:58,+2.10,0
09:51:58,+2.10,0
09:51:58,+2.09,0
09:51:58,+2.10,0
09:51:58,+2.13,0
09:51:58,+2.11,0
09:51:59,+2.10,0
09:51:59,+2.13,0
09:51:59,+2.10,0
09:51:59,+2.14,0
09:51:59,+2.09,0
09:51:59,+2.08,0
09:51:59,+2.09,0
09:51:59,+2.08,0
09:51:59,+2.10,0
09:51:59,+2.11,0
09:51:59,+2.10,0
09:51:59,+2.10,0
09:51:59,+2.10,0
09:51:59,+2.08,0
09:51:59,+2.11,0
09:51:59,+2.08,0
09:51:59,+2.08,0
09:51:59,+2.08,0
09:51:59,+2.07,0
09:51:59,+2.09,0
09:52:00,+2.08,0
09:52:00,+2.10,0
09:52:00,+2.09,0
09:52:00,+2.09,0
09:52:00,+2.11,0
09:52:00,+2.13,0
09:52:00,+2.09,0
09:52:00,+2.10,0
09:52:00,+2.08,0
09:52:00,+2.08,0
09:52:00,+2.11,0
09:52:00,+2.08,0
09:52:00,+2.10,0
09:52:00,+2.12,0
09:52:00,+2.11,0
09:52:00,+2.12,0
09:52:00,+2.12,0
09:52:00,+2.09,0
09:52:00,+2.10,0
09:52:00,+2.11,0
09:52:01,+2.08,0
09:52:01,+2.10,0
09:52:01,+2.08,0
09:52:01,+2.07,0
09:52:01,+2.12,0
09:52:01,+2.10,0
09:52:01,+2.09,0
09:52:01,+2.09,0
09:52:01,+2.09,0
09:52:01,+2.12,0
09:52:01,+2.10,0
09:52:01,+2.08,0
09:52:01,+2.10,0
09:52:01,+2.07,0
09:52:01,+2.10,0
09:52:01,+2.12,0
09:52:01,+2.09,0
09:52:01,+2.09,0
09:52:01,+2.09,0
09:52:01,+2.10,0
09:52:01,+2.12,0
09:52:02,+2.09,0
09:52:02,+2.08,0
09:52:02,+2.09,0
09:52:02,+2.07,0
09:52:02,+2.08,0
09:52:02,+2.08,0
09:52:02,+2.05,0
09:52:02,+2.09,0
09:52:02,+2.09,0
09:52:02,+2.06,0
09:52:02,+2.10,0
09:52:02,+2.07,0
09:52:02,+2.09,0
09:52:02,+2.11,0
09:52:02,+2.06,0
09:52:02,+2.08,0
09:52:02,+2.07,0
09:52:02,+2.06,0
09:52:02,+2.09,0
09:52:02,+2.07,0
09:52:03,+2.06,0
09:52:03,+2.09,0
09:52:03,+2.06,0
09:52:03,+2.06,0
09:52:03,+2.10,0
09:52:03,+2.05,0
09:52:03,+2.06,0
09:52:03,+2.09,0
09:52:03,+2.08,0
09:52:03,+2.09,0
09:52:03,+2.10,0
09:52:03,+2.11,0
09:52:03,+2.10,0
09:52:03,+2.06,0
09:52:03,+2.09,0
09:52:03,+2.07,0
09:52:03,+2.06,0
09:52:03,+2.09,0
09:52:03,+2.09,0
09:52:03,+2.05,0
09:52:04,+2.09,0
09:52:04,+2.10,0
09:52:04,+2.10,0
09:52:04,+2.10,0
09:52:04,+2.06,0
09:52:04,+2.09,0
09:52:04,+2.05,0
09:52:04,+2.07,0
09:52:04,+2.07,0
09:52:04,+2.03,0
09:52:04,+2.05,0
09:52:04,+2.08,0
09:52:04,+2.06,0
09:52:04,+2.10,0
09:52:04,+2.09,0
09:52:04,+2.05,0
09:52:04,+2.06,0
09:52:04,+2.07,0
09:52:04,+2.07,0
09:52:04,+2.07,0
09:52:04,+2.02,0
09:52:05,+2.07,0
09:52:05,+2.08,0
09:52:05,+2.08,0
09:52:05,+2.09,0
09:52:05,+2.07,0
09:52:05,+2.06,0
09:52:05,+2.09,0
09:52:05,+2.06,0
09:52:05,+2.07,0
09:52:05,+2.08,0
09:52:05,+2.04,0
09:52:05,+2.07,0
09:52:05,+2.05,0
09:52:05,+2.03,0
09:52:05,+2.06,0
09:52:05,+2.07,0
09:52:05,+2.06,0
09:52:05,+2.05,0
09:52:05,+2.05,0
09:52:05,+2.04,0
09:52:06,+2.05,0
09:52:06,+2.04,0
09:52:06,+2.05,0
09:52:06,+2.06,0
09:52:06,+2.04,0
09:52:06,+2.06,0
09:52:06,+2.07,0
09:52:06,+2.06,0
09:52:06,+2.08,0
09:52:06,+2.05,0
09:52:06,+2.08,0
09:52:06,+2.06,0
09:52:06,+2.03,0
09:52:06,+2.05,0
09:52:06,+2.05,0
09:52:06,+2.06,0
09:52:06,+2.06,0
09:52:06,+2.05,0
09:52:06,+2.06,0
09:52:06,+2.07,0
09:52:07,+2.05,0
09:52:07,+2.08,0
09:52:07,+2.03,0
09:52:07,+2.03,0
09:52:07,+2.03,0
09:52:07,+2.00,0
09:52:07,+2.03,0
09:52:07,+2.05,0
09:52:07,+2.02,0
09:52:07,+2.08,0
09:52:07,+2.04,0
09:52:07,+2.04,0
09:52:07,+2.05,0
09:52:07,+2.03,0
09:52:07,+2.02,0
09:52:07,+2.02,0
09:52:07,+2.03,0
09:52:07,+2.05,0
09:52:07,+2.04,0
09:52:07,+2.03,0
09:52:07,+2.06,0
09:52:08,+2.05,0
09:52:08,+2.06,0
09:52:08,+2.07,0
09:52:08,+2.04,0
09:52:08,+2.03,0
09:52:08,+2.06,0
09:52:08,+2.00,0
09:52:08,+2.04,0
09:52:08,+2.03,0
09:52:08,+2.05,0
09:52:08,+2.06,0
09:52:08,+2.03,0
09:52:08,+2.02,0
09:52:08,+2.06,0
09:52:08,+2.01,0
09:52:08,+2.02,0
09:52:08,+2.01,0
09:52:08,+2.00,0
09:52:08,+2.03,0
09:52:08,+2.00,0
09:52:09,+2.01,0
09:52:09,+2.04,0
09:52:09,+2.01,0
09:52:09,+2.02,0
09:52:09,+2.05,0
09:52:09,+2.02,0
09:52:09,+2.02,0
09:52:09,+2.01,0
09:52:09,+2.00,0
09:52:09,+2.04,0
09:52:09,+2.02,0
09:52:09,+2.02,0
09:52:09,+2.03,0
09:52:09,+2.04,0
09:52:09,+2.06,0
09:52:09,+2.04,0
09:52:09,+2.02,0
09:52:09,+2.04,0
09:52:09,+2.04,0
09:52:09,+2.01,0
09:52:10,+2.04,0
09:52:10,+2.01,0
09:52:10,+2.01,0
09:52:10,+2.06,0
09:52:10,+2.03,0
09:52:10,+2.06,0
09:52:10,+2.03,0
09:52:10,+2.02,0
09:52:10,+2.04,0
09:52:10,+2.03,0
09:52:10,+2.02,0
09:52:10,+2.02,0
09:52:10,+1.99,0
09:52:10,+2.03,0
09:52:10,+2.05,0
09:52:10,+2.03,0
09:52:10,+2.03,0
09:52:10,+2.02,0
09:52:10,+2.04,0
09:52:10,+2.06,0
09:52:11,+2.01,0
09:52:11,+2.01,0
09:52:11,+2.03,0
09:52:11,+2.00,0
09:52:11,+2.03,0
09:52:11,+2.04,0
09:52:11,+2.02,0
09:52:11,+2.05,0
09:52:11,+2.02,0
09:52:11,+2.02,0
09:52:11,+2.04,0
09:52:11,+2.03,0
09:52:11,+2.02,0
09:52:11,+2.01,0
09:52:11,+2.01,0
09:52:11,+2.03,0
09:52:11,+2.03,0
09:52:11,+2.01,0
09:52:11,+2.02,0
09:52:11,+2.01,0
09:52:11,+2.02,0
09:52:12,+2.02,0
09:52:12,+2.02,0
09:52:12,+2.02,0
09:52:12,+2.00,0
09:52:12,+1.99,0
09:52:12,+2.00,0
09:52:12,+2.02,0
09:52:12,+2.01,0
09:52:12,+2.02,0
09:52:12,+2.00,0
09:52:12,+2.04,0
09:52:12,+2.03,0
09:52:12,+2.00,0
09:52:12,+2.02,0
09:52:12,+2.00,0
09:52:12,+2.00,0
09:52:12,+2.02,0
09:52:12,+2.02,0
09:52:12,+2.01,0
09:52:12,+2.02,0
09:52:13,+2.00,0
09:52:13,+2.05,0
09:52:13,+2.03,0
09:52:13,+2.00,0
09:52:13,+2.03,0
09:52:13,+2.00,0
09:52:13,+2.01,0
09:52:13,+2.02,0
09:52:13,+1.99,0
09:52:13,+2.00,0
09:52:13,+2.02,0
09:52:13,+1.99,0
09:52:13,+2.04,0
09:52:13,+2.01,0
09:52:13,+2.00,0
09:52:13,+2.01,0
09:52:13,+2.01,0
09:52:13,+2.02,0
09:52:13,+2.02,0
09:52:13,+1.99,0
09:52:13,+1.99,0
09:52:14,+2.01,0
09:52:14,+1.97,0
09:52:14,+2.01,0
09:52:14,+2.02,0
09:52:14,+2.02,0
09:52:14,+2.01,0
09:52:14,+1.98,0
09:52:14,+2.00,0
09:52:14,+2.01,0
09:52:14,+1.98,0
09:52:14,+1.99,0
09:52:14,+2.00,0
09:52:14,+1.99,0
09:52:14,+2.02,0
09:52:14,+2.00,0
09:52:14,+1.99,0
09:52:14,+2.01,0
09:52:14,+2.00,0
09:52:14,+2.02,0
09:52:14,+1.99,0
09:52:15,+1.99,0
09:52:15,+2.00,0
09:52:15,+1.99,0
09:52:15,+1.98,0
09:52:15,+2.02,0
09:52:15,+2.01,0
09:52:15,+2.02,0
09:52:15,+2.00,0
09:52:15,+1.99,0
09:52:15,+2.02,0
09:52:15,+2.00,0
09:52:15,+1.97,0
09:52:15,+2.01,0
09:52:15,+1.97,0
09:52:15,+1.96,0
09:52:15,+1.99,0
09:52:15,+1.96,0
09:52:15,+2.00,0
09:52:15,+2.00,0
09:52:15,+1.98,0
09:52:16,+1.98,0
09:52:16,+1.97,0
09:52:16,+1.97,0
09:52:16,+2.01,0
09:52:16,+1.98,0
09:52:16,+1.98,0
09:52:16,+1.99,0
09:52:16,+1.99,0
09:52:16,+2.00,0
09:52:16,+2.01,0
09:52:16,+1.99,0
09:52:16,+2.02,0
09:52:16,+1.98,0
09:52:16,+1.97,0
09:52:16,+2.01,0
09:52:16,+1.97,0
09:52:16,+1.99,0
09:52:16,+1.98,0
09:52:16,+1.97,0
09:52:16,+2.00,0
09:52:17,+1.99,0
09:52:17,+1.96,0
09:52:17,+1.98,0
09:52:17,+1.97,0
09:52:17,+1.99,0
09:52:17,+2.00,0
09:52:17,+1.95,0
09:52:17,+1.97,0
09:52:17,+1.97,0
09:52:17,+1.98,0
09:52:17,+2.00,0
09:52:17,+1.98,0
09:52:17,+1.96,0
09:52:17,+1.97,0
09:52:17,+1.97,0
09:52:17,+1.98,0
09:52:17,+1.94,0
09:52:17,+1.95,0
09:52:17,+2.00,0
09:52:17,+1.94,0
09:52:17,+1.95,0
09:52:18,+1.99,0
09:52:18,+1.96,0
09:52:18,+1.96,0
09:52:18,+1.99,0
09:52:18,+1.96,0
09:52:18,+2.00,0
09:52:18,+1.98,0
09:52:18,+1.96,0
09:52:18,+1.97,0
09:52:18,+1.95,0
09:52:18,+1.97,0
09:52:18,+1.99,0
09:52:18,+1.97,0
09:52:18,+1.99,0
09:52:18,+1.98,0
09:52:18,+1.96,0
09:52:18,+1.97,0
09:52:18,+1.97,0
09:52:18,+1.94,0
09:52:18,+1.96,0
09:52:19,+1.93,0
09:52:19,+1.96,0
09:52:19,+1.97,0
09:52:19,+1.93,0
09:52:19,+1.95,0
09:52:19,+1.95,0
09:52:19,+1.96,0
09:52:19,+1.98,0
09:52:19,+1.92,0
09:52:19,+1.94,0
09:52:19,+1.95,0
09:52:19,+1.93,0
09:52:19,+1.94,0
09:52:19,+1.97,0
09:52:19,+1.95,0
09:52:19,+1.98,0
09:52:19,+1.93,0
09:52:19,+1.96,0
09:52:19,+1.97,0
09:52:19,+1.93,0
09:52:19,+1.93,0
09:52:20,+1.94,0
09:52:20,+1.91,0
09:52:20,+1.95,0
09:52:20,+1.96,0
09:52:20,+1.94,0
09:52:20,+1.97,0
09:52:20,+1.93,0
09:52:20,+1.93,0
09:52:20,+1.95,0
09:52:20,+1.93,0
09:52:20,+1.93,0
09:52:20,+1.94,0
09:52:20,+1.91,0
09:52:20,+1.94,0
09:52:20,+1.95,0
09:52:20,+1.93,0
09:52:20,+1.96,0
09:52:20,+1.92,0
09:52:20,+1.95,0
09:52:20,+1.95,0
09:52:21,+1.92,0
09:52:21,+1.93,0
09:52:21,+1.92,0
09:52:21,+1.90,0
09:52:21,+1.94,0
09:52:21,+1.94,0
09:52:21,+1.93,0
09:52:21,+1.95,0
09:52:21,+1.91,0
09:52:21,+1.93,0
09:52:21,+1.95,0
09:52:21,+1.91,0
09:52:21,+1.92,0
09:52:21,+1.92,0
09:52:21,+1.91,0
09:52:21,+1.93,0
09:52:21,+1.93,0
09:52:21,+1.92,0
09:52:21,+1.92,0
09:52:21,+1.91,0
09:52:22,+1.93,0
09:52:22,+1.93,0
09:52:22,+1.92,0
09:52:22,+1.91,0
09:52:22,+1.91,0
09:52:22,+1.89,0
09:52:22,+1.90,0
09:52:22,+1.91,0
09:52:22,+1.91,0
09:52:22,+1.91,0
09:52:22,+1.89,0
09:52:22,+1.92,0
09:52:22,+1.91,0
09:52:22,+1.90,0
09:52:22,+1.92,0
09:52:22,+1.89,0
09:52:22,+1.89,0
09:52:22,+1.89,0
09:52:22,+1.87,0
09:52:22,+1.90,0
09:52:23,+1.92,0
09:52:23,+1.89,0
09:52:23,+1.90,0
09:52:23,+1.91,0
09:52:23,+1.89,0
09:52:23,+1.90,0
09:52:23,+1.90,0
09:52:23,+1.89,0
09:52:23,+1.88,0
09:52:23,+1.87,0
09:52:23,+1.90,0
09:52:23,+1.91,0
09:52:23,+1.89,0
09:52:23,+1.93,0
09:52:23,+1.91,0
09:52:23,+1.90,0
09:52:23,+1.90,0
09:52:23,+1.90,0
09:52:23,+1.91,0
09:52:23,+1.91,0
09:52:23,+1.89,0
09:52:24,+1.90,0
09:52:24,+1.91,0
09:52:24,+1.89,0
09:52:24,+1.90,0
09:52:24,+1.90,0
09:52:24,+1.90,0
09:52:24,+1.92,0
09:52:24,+1.89,0
09:52:24,+1.92,0
09:52:24,+1.90,0
09:52:24,+1.87,0
09:52:24,+1.91,0
09:52:24,+1.90,0
09:52:24,+1.91,0
09:52:24,+1.91,0
09:52:24,+1.90,0
09:52:24,+1.90,0
09:52:24,+1.89,0
09:52:24,+1.89,0
09:52:24,+1.92,0
09:52:25,+1.90,0
09:52:25,+1.88,0
09:52:25,+1.89,0
09:52:25,+1.89,0
09:52:25,+1.90,0
09:52:25,+1.90,0
09:52:25,+1.90,0
09:52:25,+1.90,0
09:52:25,+1.91,0
09:52:25,+1.88,0
09:52:25,+1.92,0
09:52:25,+1.89,0
09:52:25,+1.88,0
09:52:25,+1.89,0
09:52:25,+1.88,0
09:52:25,+1.89,0
09:52:25,+1.89,0
09:52:25,+1.89,0
09:52:25,+1.91,0
09:52:25,+1.89,0
09:52:25,+1.89,0
09:52:26,+1.92,0
09:52:26,+1.88,0
09:52:26,+1.87,0
09:52:26,+1.91,0
09:52:26,+1.87,0
09:52:26,+1.89,0
09:52:26,+1.88,0
09:52:26,+1.88,0
09:52:26,+1.90,0
09:52:26,+1.90,0
09:52:26,+1.90,0
09:52:26,+1.87,0
09:52:26,+1.86,0
09:52:26,+1.86,0
09:52:26,+1.86,0
09:52:26,+1.86,0
09:52:26,+1.88,0
09:52:26,+1.87,0
09:52:26,+1.89,0
09:52:26,+1.90,0
09:52:27,+1.89,0
09:52:27,+1.90,0
09:52:27,+1.90,0
09:52:27,+1.86,0
09:52:27,+1.89,0
09:52:27,+1.87,0
09:52:27,+1.83,0
09:52:27,+1.88,0
09:52:27,+1.86,0
09:52:27,+1.85,0
09:52:27,+1.90,0
09:52:27,+1.88,0
09:52:27,+1.87,0
09:52:27,+1.87,0
09:52:27,+1.86,0
09:52:27,+1.87,0
09:52:27,+1.89,0
09:52:27,+1.86,0
09:52:27,+1.88,0
09:52:27,+1.85,0
09:52:28,+1.88,0
09:52:28,+1.90,0
09:52:28,+1.88,0
09:52:28,+1.90,0
09:52:28,+1.88,0
09:52:28,+1.86,0
09:52:28,+1.87,0
09:52:28,+1.88,0
09:52:28,+1.85,0
09:52:28,+1.87,0
09:52:28,+1.85,0
09:52:28,+1.85,0
09:52:28,+1.89,0
09:52:28,+1.87,0
09:52:28,+1.90,0
09:52:28,+1.87,0
09:52:28,+1.86,0
09:52:28,+1.87,0
09:52:28,+1.86,0
09:52:28,+1.85,0
09:52:29,+1.86,0
09:52:29,+1.84,0
09:52:29,+1.87,0
09:52:29,+1.88,0
09:52:29,+1.87,0
09:52:29,+1.90,0
09:52:29,+1.86,0
09:52:29,+1.87,0
09:52:29,+1.84,0
09:52:29,+1.82,0
09:52:29,+1.83,0
09:52:29,+1.84,0
09:52:29,+1.81,0
09:52:29,+1.85,0
09:52:29,+1.84,0
09:52:29,+1.83,0
09:52:29,+1.85,0
09:52:29,+1.85,0
09:52:29,+1.82,0
09:52:29,+1.85,0
09:52:29,+1.82,0
09:52:30,+1.84,0
09:52:30,+1.87,0
09:52:30,+1.82,0
09:52:30,+1.84,0
09:52:30,+1.83,0
09:52:30,+1.83,0
09:52:30,+1.85,0
09:52:30,+1.84,0
09:52:30,+1.82,0
09:52:30,+1.85,0
09:52:30,+1.82,0
09:52:30,+1.82,0
09:52:30,+1.85,0
09:52:30,+1.81,0
09:52:30,+1.83,0
09:52:30,+1.85,0
09:52:30,+1.84,0
09:52:30,+1.87,0
09:52:30,+1.83,0
09:52:30,+1.87,0
09:52:31,+1.86,0
09:52:31,+1.82,0
09:52:31,+1.83,0
09:52:31,+1.83,0
09:52:31,+1.82,0
09:52:31,+1.85,0
09:52:31,+1.85,0
09:52:31,+1.84,0
09:52:31,+1.85,0
09:52:31,+1.82,0
09:52:31,+1.84,0
09:52:31,+1.85,0
09:52:31,+1.81,0
09:52:31,+1.84,0
09:52:31,+1.82,0
09:52:31,+1.82,0
09:52:31,+1.84,0
09:52:31,+1.83,0
09:52:31,+1.83,0
09:52:31,+1.84,0
09:52:31,+1.82,0
09:52:32,+1.84,0
09:52:32,+1.84,0
09:52:32,+1.83,0
09:52:32,+1.82,0
09:52:32,+1.82,0
09:52:32,+1.83,0
09:52:32,+1.83,0
09:52:32,+1.83,0
09:52:32,+1.83,0
09:52:32,+1.83,0
09:52:32,+1.81,0
09:52:32,+1.86,0
09:52:32,+1.83,0
09:52:32,+1.81,0
09:52:32,+1.84,0
09:52:32,+1.81,0
09:52:32,+1.83,0
09:52:32,+1.83,0
09:52:32,+1.82,0
09:52:32,+1.81,0
09:52:33,+1.83,0
09:52:33,+1.84,0
09:52:33,+1.85,0
09:52:33,+1.82,0
09:52:33,+1.81,0
09:52:33,+1.82,0
09:52:33,+1.80,0
09:52:33,+1.83,0
09:52:33,+1.82,0
09:52:33,+1.81,0
09:52:33,+1.82,0
09:52:33,+1.82,0
09:52:33,+1.83,0
09:52:33,+1.84,0
09:52:33,+1.80,0
09:52:33,+1.82,0
09:52:33,+1.83,0
09:52:33,+1.80,0
09:52:33,+1.82,0
09:52:33,+1.77,0
09:52:34,+1.78,0
09:52:34,+1.83,0
09:52:34,+1.81,0
09:52:34,+1.83,0
09:52:34,+1.83,0
09:52:34,+1.80,0
09:52:34,+1.81,0
09:52:34,+1.79,0
09:52:34,+1.79,0
09:52:34,+1.80,0
09:52:34,+1.77,0
09:52:34,+1.79,0
09:52:34,+1.81,0
09:52:34,+1.76,0
09:52:34,+1.80,0
09:52:34,+1.83,0
09:52:34,+1.80,0
09:52:34,+1.80,0
09:52:34,+1.80,0
09:52:34,+1.78,0
09:52:35,+1.81,0
09:52:35,+1.79,0
09:52:35,+1.78,0
09:52:35,+1.79,0
09:52:35,+1.80,0
09:52:35,+1.80,0
09:52:35,+1.81,0
09:52:35,+1.80,0
09:52:35,+1.82,0
09:52:35,+1.82,0
09:52:35,+1.79,0
09:52:35,+1.83,0
09:52:35,+1.78,0
09:52:35,+1.78,0
09:52:35,+1.79,0
09:52:35,+1.79,0
09:52:35,+1.80,0
09:52:35,+1.80,0
09:52:35,+1.80,0
09:52:35,+1.81,0
09:52:35,+1.79,0
09:52:36,+1.80,0
09:52:36,+1.81,0
09:52:36,+1.75,0
09:52:36,+1.78,0
09:52:36,+1.77,0
09:52:36,+1.75,0
09:52:36,+1.79,0
09:52:36,+1.79,0
09:52:36,+1.76,0
09:52:36,+1.81,0
09:52:36,+1.78,0
09:52:36,+1.80,0
09:52:36,+1.82,0
09:52:36,+1.76,0
09:52:36,+1.77,0
09:52:36,+1.77,0
09:52:36,+1.74,0
09:52:36,+1.79,0
09:52:36,+1.77,0
09:52:36,+1.77,0
09:52:37,+1.82,0
09:52:37,+1.76,0
09:52:37,+1.77,0
09:52:37,+1.78,0
09:52:37,+1.76,0
09:52:37,+1.77,0
09:52:37,+1.76,0
09:52:37,+1.74,0
09:52:37,+1.78,0
09:52:37,+1.77,0
09:52:37,+1.77,0
09:52:37,+1.81,0
09:52:37,+1.76,0
09:52:37,+1.76,0
09:52:37,+1.80,0
09:52:37,+1.75,0
09:52:37,+1.78,0
09:52:37,+1.77,0
09:52:37,+1.77,0
09:52:37,+1.80,0
09:52:37,+1.76,0
09:52:38,+1.78,0
09:52:38,+1.78,0
09:52:38,+1.76,0
09:52:38,+1.76,0
09:52:38,+1.79,0
09:52:38,+1.75,0
09:52:38,+1.78,0
09:52:38,+1.75,0
09:52:38,+1.77,0
09:52:38,+1.78,0
09:52:38,+1.76,0
09:52:38,+1.78,0
09:52:38,+1.80,0
09:52:38,+1.79,0
09:52:38,+1.79,0
09:52:38,+1.79,0
09:52:38,+1.74,0
09:52:38,+1.76,0
09:52:38,+1.73,0
09:52:38,+1.76,0
09:52:39,+1.80,0
09:52:39,+1.74,0
09:52:39,+1.78,0
09:52:39,+1.79,0
09:52:39,+1.78,0
09:52:39,+1.80,0
09:52:39,+1.77,0
09:52:39,+1.75,0
09:52:39,+1.76,0
09:52:39,+1.74,0
09:52:39,+1.77,0
09:52:39,+1.79,0
09:52:39,+1.73,0
09:52:39,+1.77,0
09:52:39,+1.78,0
09:52:39,+1.78,0
09:52:39,+1.80,0
09:52:39,+1.76,0
09:52:39,+1.77,0
09:52:39,+1.78,0
09:52:40,+1.76,0
09:52:40,+1.75,0
09:52:40,+1.77,0
09:52:40,+1.74,0
09:52:40,+1.76,0
09:52:40,+1.77,0
09:52:40,+1.75,0
09:52:40,+1.76,0
09:52:40,+1.76,0
09:52:40,+1.76,0
09:52:40,+1.74,0
09:52:40,+1.72,0
09:52:40,+1.76,0
09:52:40,+1.78,0
09:52:40,+1.72,0
09:52:40,+1.76,0
09:52:40,+1.77,0
09:52:40,+1.78,0
09:52:40,+1.79,0
09:52:40,+1.75,0
09:52:41,+1.76,0
09:52:41,+1.76,0
09:52:41,+1.74,0
09:52:41,+1.75,0
09:52:41,+1.76,0
09:52:41,+1.74,0
09:52:41,+1.77,0
09:52:41,+1.75,0
09:52:41,+1.73,0
09:52:41,+1.76,0
09:52:41,+1.76,0
09:52:41,+1.77,0
09:52:41,+1.73,0
09:52:41,+1.73,0
09:52:41,+1.75,0
09:52:41,+1.73,0
09:52:41,+1.73,0
09:52:41,+1.77,0
09:52:41,+1.77,0
09:52:41,+1.74,0
09:52:41,+1.76,0
09:52:42,+1.76,0
09:52:42,+1.77,0
09:52:42,+1.72,0
09:52:42,+1.72,0
09:52:42,+1.75,0
09:52:42,+1.75,0
09:52:42,+1.72,0
09:52:42,+1.75,0
09:52:42,+1.73,0
09:52:42,+1.75,0
09:52:42,+1.76,0
09:52:42,+1.74,0
09:52:42,+1.76,0
09:52:42,+1.73,0
09:52:42,+1.72,0
09:52:42,+1.73,0
09:52:42,+1.75,0
09:52:42,+1.72,0
09:52:42,+1.74,0
09:52:42,+1.76,0
09:52:43,+1.77,0
09:52:43,+1.77,0
09:52:43,+1.73,0
09:52:43,+1.76,0
09:52:43,+1.72,0
09:52:43,+1.74,0
09:52:43,+1.74,0
09:52:43,+1.72,0
09:52:43,+1.75,0
09:52:43,+1.77,0
09:52:43,+1.75,0
09:52:43,+1.77,0
09:52:43,+1.76,0
09:52:43,+1.74,0
09:52:43,+1.77,0
09:52:43,+1.74,0
09:52:43,+1.73,0
09:52:43,+1.74,0
09:52:43,+1.73,0
09:52:43,+1.75,0
09:52:43,+1.76,0
09:52:44,+1.72,0
09:52:44,+1.73,0
09:52:44,+1.75,0
09:52:44,+1.73,0
09:52:44,+1.75,0
09:52:44,+1.73,0
09:52:44,+1.75,0
09:52:44,+1.73,0
09:52:44,+1.71,0
09:52:44,+1.74,0
09:52:44,+1.75,0
09:52:44,+1.74,0
09:52:44,+1.76,0
09:52:44,+1.72,0
09:52:44,+1.73,0
09:52:44,+1.74,0
09:52:44,+1.70,0
09:52:44,+1.74,0
09:52:44,+1.72,0
09:52:44,+1.70,0
09:52:45,+1.73,0
09:52:45,+1.74,0
09:52:45,+1.74,0
09:52:45,+1.75,0
09:52:45,+1.72,0
09:52:45,+1.72,0
09:52:45,+1.73,0
09:52:45,+1.73,0
09:52:45,+1.73,0
09:52:45,+1.72,0
09:52:45,+1.72,0
09:52:45,+1.75,0
09:52:45,+1.74,0
09:52:45,+1.74,0
09:52:45,+1.75,0
09:52:45,+1.71,0
09:52:45,+1.73,0
09:52:45,+1.74,0
09:52:45,+1.70,0
09:52:45,+1.74,0
09:52:46,+1.73,0
09:52:46,+1.71,0
09:52:46,+1.72,0
09:52:46,+1.70,0
09:52:46,+1.71,0
09:52:46,+1.75,0
09:52:46,+1.70,0
09:52:46,+1.73,0
09:52:46,+1.73,0
09:52:46,+1.72,0
09:52:46,+1.75,0
09:52:46,+1.70,0
09:52:46,+1.70,0
09:52:46,+1.74,0
09:52:46,+1.73,0
09:52:46,+1.73,0
09:52:46,+1.74,0
09:52:46,+1.73,0
09:52:46,+1.73,0
09:52:46,+1.73,0
09:52:47,+1.70,0
09:52:47,+1.76,0
09:52:47,+1.70,0
09:52:47,+1.72,0
09:52:47,+1.75,0
09:52:47,+1.72,0
09:52:47,+1.73,0
09:52:47,+1.73,0
09:52:47,+1.72,0
09:52:47,+1.74,0
09:52:47,+1.74,0
09:52:47,+1.72,0
09:52:47,+1.75,0
09:52:47,+1.70,0
09:52:47,+1.70,0
09:52:47,+1.74,0
09:52:47,+1.72,0
09:52:47,+1.74,0
09:52:47,+1.72,0
09:52:47,+1.72,0
09:52:47,+1.72,0
09:52:48,+1.72,0
09:52:48,+1.72,0
09:52:48,+1.72,0
09:52:48,+1.70,0
09:52:48,+1.72,0
09:52:48,+1.74,0
09:52:48,+1.72,0
09:52:48,+1.74,0
09:52:48,+1.72,0
09:52:48,+1.74,0
09:52:48,+1.72,0
09:52:48,+1.71,0
09:52:48,+1.72,0
09:52:48,+1.73,0
09:52:48,+1.71,0
09:52:48,+1.72,0
09:52:48,+1.72,0
09:52:48,+1.67,0
09:52:48,+1.72,0
09:52:48,+1.74,0
09:52:49,+1.73,0
09:52:49,+1.75,0
09:52:49,+1.70,0
09:52:49,+1.69,0
09:52:49,+1.74,0
09:52:49,+1.69,0
09:52:49,+1.70,0
09:52:49,+1.70,0
09:52:49,+1.68,0
09:52:49,+1.72,0
09:52:49,+1.70,0
09:52:49,+1.69,0
09:52:49,+1.72,0
09:52:49,+1.70,0
09:52:49,+1.71,0
09:52:49,+1.74,0
09:52:49,+1.68,0
09:52:49,+1.71,0
09:52:49,+1.71,0
09:52:49,+1.68,0
09:52:49,+1.73,0
09:52:50,+1.73,0
09:52:50,+1.73,0
09:52:50,+1.72,0
09:52:50,+1.70,0
09:52:50,+1.73,0
09:52:50,+1.71,0
09:52:50,+1.69,0
09:52:50,+1.72,0
09:52:50,+1.68,0
09:52:50,+1.69,0
09:52:50,+1.71,0
09:52:50,+1.69,0
09:52:50,+1.71,0
09:52:50,+1.72,0
09:52:50,+1.70,0
09:52:50,+1.70,0
09:52:50,+1.71,0
09:52:50,+1.68,0
09:52:50,+1.69,0
09:52:50,+1.68,0
09:52:51,+1.69,0
09:52:51,+1.71,0
09:52:51,+1.68,0
09:52:51,+1.70,0
09:52:51,+1.72,0
09:52:51,+1.69,0
09:52:51,+1.70,0
09:52:51,+1.71,0
09:52:51,+1.70,0
09:52:51,+1.69,0
09:52:51,+1.67,0
09:52:51,+1.70,0
09:52:51,+1.70,0
09:52:51,+1.68,0
09:52:51,+1.70,0
09:52:51,+1.72,0
09:52:51,+1.70,0
09:52:51,+1.70,0
09:52:51,+1.71,0
09:52:51,+1.70,0
09:52:52,+1.69,0
09:52:52,+1.67,0
09:52:52,+1.70,0
09:52:52,+1.72,0
09:52:52,+1.68,0
09:52:52,+1.71,0
09:52:52,+1.70,0
09:52:52,+1.69,0
09:52:52,+1.71,0
09:52:52,+1.68,0
09:52:52,+1.70,0
09:52:52,+1.72,0
09:52:52,+1.70,0
09:52:52,+1.69,0
09:52:52,+1.71,0
09:52:52,+1.68,0
09:52:52,+1.71,0
09:52:52,+1.72,0
09:52:52,+1.70,0
09:52:52,+1.73,0
09:52:53,+1.68,0
09:52:53,+1.72,0
09:52:53,+1.72,0
09:52:53,+1.69,0
09:52:53,+1.70,0
09:52:53,+1.71,0
09:52:53,+1.69,0
09:52:53,+1.73,0
09:52:53,+1.71,0
09:52:53,+1.70,0
09:52:53,+1.73,0
09:52:53,+1.70,0
09:52:53,+1.68,0
09:52:53,+1.68,0
09:52:53,+1.68,0
09:52:53,+1.71,0
09:52:53,+1.67,0
09:52:53,+1.67,0
09:52:53,+1.70,0
09:52:53,+1.72,0
09:52:53,+1.69,0
09:52:54,+1.72,0
09:52:54,+1.70,0
09:52:54,+1.73,0
09:52:54,+1.70,0
09:52:54,+1.69,0
09:52:54,+1.70,0
09:52:54,+1.70,0
09:52:54,+1.68,0
09:52:54,+1.73,0
09:52:54,+1.71,0
09:52:54,+1.69,0
09:52:54,+1.73,0
09:52:54,+1.70,0
09:52:54,+1.73,0
09:52:54,+1.71,0
09:52:54,+1.69,0
09:52:54,+1.70,0
09:52:54,+1.70,0
09:52:54,+1.71,0
09:52:54,+1.71,0
09:52:55,+1.71,0
09:52:55,+1.71,0
09:52:55,+1.73,0
09:52:55,+1.70,0
09:52:55,+1.74,0
09:52:55,+1.70,0
09:52:55,+1.69,0
09:52:55,+1.70,0
09:52:55,+1.70,0
09:52:55,+1.71,0
09:52:55,+1.71,0
09:52:55,+1.70,0
09:52:55,+1.72,0
09:52:55,+1.73,0
09:52:55,+1.71,0
09:52:55,+1.73,0
09:52:55,+1.68,0
09:52:55,+1.69,0
09:52:55,+1.70,0
09:52:55,+1.70,0
09:52:55,+1.70,0
09:52:56,+1.70,0
09:52:56,+1.68,0
09:52:56,+1.72,0
09:52:56,+1.73,0
09:52:56,+1.71,0
09:52:56,+1.71,0
09:52:56,+1.68,0
09:52:56,+1.69,0
09:52:56,+1.69,0
09:52:56,+1.66,0
09:52:56,+1.70,0
09:52:56,+1.71,0
09:52:56,+1.71,0
09:52:56,+1.73,0
09:52:56,+1.71,0
09:52:56,+1.69,0
09:52:56,+1.73,0
09:52:56,+1.69,0
09:52:56,+1.69,0
09:52:56,+1.69,0
09:52:57,+1.66,0
09:52:57,+1.70,0
09:52:57,+1.72,0
09:52:57,+1.71,0
09:52:57,+1.72,0
09:52:57,+1.72,0
09:52:57,+1.73,0
09:52:57,+1.74,0
09:52:57,+1.70,0
09:52:57,+1.71,0
09:52:57,+1.70,0
09:52:57,+1.70,0
09:52:57,+1.72,0
09:52:57,+1.70,0
09:52:57,+1.72,0
09:52:57,+1.74,0
09:52:57,+1.70,0
09:52:57,+1.70,0
09:52:57,+1.74,0
09:52:57,+1.70,0
09:52:58,+1.70,0
09:52:58,+1.68,0
09:52:58,+1.68,0
09:52:58,+1.71,0
09:52:58,+1.72,0
09:52:58,+1.72,0
09:52:58,+1.71,0
09:52:58,+1.70,0
09:52:58,+1.70,0
09:52:58,+1.73,0
09:52:58,+1.69,0
09:52:58,+1.71,0
09:52:58,+1.69,0
09:52:58,+1.70,0
09:52:58,+1.74,0
09:52:58,+1.71,0
09:52:58,+1.72,0
09:52:58,+1.74,0
09:52:58,+1.73,0
09:52:58,+1.75,0
09:52:59,+1.73,0
09:52:59,+1.70,0
09:52:59,+1.72,0
09:52:59,+1.72,0
09:52:59,+1.70,0
09:52:59,+1.72,0
09:52:59,+1.70,0
09:52:59,+1.71,0
09:52:59,+1.73,0
09:52:59,+1.70,0
09:52:59,+1.71,0
09:52:59,+1.73,0
09:52:59,+1.71,0
09:52:59,+1.73,0
09:52:59,+1.68,0
09:52:59,+1.69,0
09:52:59,+1.72,0
09:52:59,+1.70,0
09:52:59,+1.73,0
09:52:59,+1.74,0
09:52:59,+1.73,0
09:53:00,+1.76,0
09:53:00,+1.72,0
09:53:00,+1.72,0
09:53:00,+1.70,0
09:53:00,+1.69,0
09:53:00,+1.71,0
09:53:00,+1.70,0
09:53:00,+1.68,0
09:53:00,+1.72,0
09:53:00,+1.71,0
09:53:00,+1.70,0
09:53:00,+1.72,0
09:53:00,+1.73,0
09:53:00,+1.72,0
09:53:00,+1.70,0
09:53:00,+1.68,0
09:53:00,+1.69,0
09:53:00,+1.73,0
09:53:00,+1.70,0
09:53:00,+1.71,0
09:53:01,+1.73,0
09:53:01,+1.73,0
09:53:01,+1.75,0
09:53:01,+1.71,0
09:53:01,+1.73,0
09:53:01,+1.73,0
09:53:01,+1.71,0
09:53:01,+1.71,0
09:53:01,+1.72,0
09:53:01,+1.70,0
09:53:01,+1.72,0
09:53:01,+1.74,0
09:53:01,+1.73,0
09:53:01,+1.73,0
09:53:01,+1.73,0
09:53:01,+1.73,0
09:53:01,+1.70,0
09:53:01,+1.69,0
09:53:01,+1.72,0
09:53:01,+1.69,0
09:53:01,+1.69,0
09:53:02,+1.71,0
09:53:02,+1.69,0
09:53:02,+1.71,0
09:53:02,+1.73,0
09:53:02,+1.70,0
09:53:02,+1.70,0
09:53:02,+1.70,0
09:53:02,+1.69,0
09:53:02,+1.69,0
09:53:02,+1.72,0
09:53:02,+1.69,0
09:53:02,+1.70,0
09:53:02,+1.69,0
09:53:02,+1.71,0
09:53:02,+1.73,0
09:53:02,+1.70,0
09:53:02,+1.70,0
09:53:02,+1.71,0
09:53:02,+1.70,0
09:53:02,+1.72,0
09:53:03,+1.71,0
09:53:03,+1.69,0
09:53:03,+1.73,0
09:53:03,+1.71,0
09:53:03,+1.72,0
09:53:03,+1.71,0
09:53:03,+1.70,0
09:53:03,+1.73,0
09:53:03,+1.70,0
09:53:03,+1.72,0
09:53:03,+1.71,0
09:53:03,+1.69,0
09:53:03,+1.72,0
09:53:03,+1.72,0
09:53:03,+1.71,0
09:53:03,+1.72,0
09:53:03,+1.73,0
09:53:03,+1.69,0
09:53:03,+1.74,0
09:53:03,+1.71,0
09:53:04,+1.70,0
09:53:04,+1.68,0
09:53:04,+1.70,0
09:53:04,+1.70,0
09:53:04,+1.68,0
09:53:04,+1.67,0
09:53:04,+1.72,0
09:53:04,+1.70,0
09:53:04,+1.69,0
09:53:04,+1.71,0
09:53:04,+1.69,0
09:53:04,+1.70,0
09:53:04,+1.69,0
09:53:04,+1.69,0
09:53:04,+1.69,0
09:53:04,+1.68,0
09:53:04,+1.68,0
09:53:04,+1.72,0
09:53:04,+1.69,0
09:53:04,+1.69,0
09:53:05,+1.71,0
09:53:05,+1.68,0
09:53:05,+1.71,0
09:53:05,+1.71,0
09:53:05,+1.68,0
09:53:05,+1.69,0
09:53:05,+1.67,0
09:53:05,+1.70,0
09:53:05,+1.70,0
09:53:05,+1.71,0
09:53:05,+1.69,0
09:53:05,+1.73,0
09:53:05,+1.70,0
09:53:05,+1.71,0
09:53:05,+1.71,0
09:53:05,+1.69,0
09:53:05,+1.72,0
09:53:05,+1.68,0
09:53:05,+1.67,0
09:53:05,+1.72,0
09:53:05,+1.67,0
09:53:06,+1.69,0
09:53:06,+1.70,0
09:53:06,+1.67,0
09:53:06,+1.72,0
09:53:06,+1.70,0
09:53:06,+1.67,0
09:53:06,+1.69,0
09:53:06,+1.68,0
09:53:06,+1.69,0
09:53:06,+1.69,0
09:53:06,+1.69,0
09:53:06,+1.70,0
09:53:06,+1.72,0
09:53:06,+1.69,0
09:53:06,+1.69,0
09:53:06,+1.70,0
09:53:06,+1.69,0
09:53:06,+1.72,0
09:53:06,+1.69,0
09:53:06,+1.68,0
09:53:07,+1.72,0
09:53:07,+1.70,0
09:53:07,+1.69,0
09:53:07,+1.69,0
09:53:07,+1.70,0
09:53:07,+1.72,0
09:53:07,+1.68,0
09:53:07,+1.67,0
09:53:07,+1.68,0
09:53:07,+1.65,0
09:53:07,+1.69,0
09:53:07,+1.69,0
09:53:07,+1.65,0
09:53:07,+1.69,0
09:53:07,+1.69,0
09:53:07,+1.69,0
09:53:07,+1.69,0
09:53:07,+1.67,0
09:53:07,+1.66,0
09:53:07,+1.71,0
09:53:07,+1.66,0
09:53:08,+1.69,0
09:53:08,+1.68,0
09:53:08,+1.67,0
09:53:08,+1.70,0
09:53:08,+1.69,0
09:53:08,+1.69,0
09:53:08,+1.71,0
09:53:08,+1.69,0
09:53:08,+1.69,0
09:53:08,+1.71,0
09:53:08,+1.66,0
09:53:08,+1.69,0
09:53:08,+1.67,0
09:53:08,+1.69,0
09:53:08,+1.69,0
09:53:08,+1.68,0
09:53:08,+1.70,0
09:53:08,+1.70,0
09:53:08,+1.67,0
09:53:08,+1.67,0
09:53:09,+1.66,0
09:53:09,+1.65,0
09:53:09,+1.69,0
09:53:09,+1.70,0
09:53:09,+1.68,0
09:53:09,+1.70,0
09:53:09,+1.68,0
09:53:09,+1.71,0
09:53:09,+1.70,0
09:53:09,+1.66,0
09:53:09,+1.67,0
09:53:09,+1.68,0
09:53:09,+1.66,0
09:53:09,+1.68,0
09:53:09,+1.66,0
09:53:09,+1.66,0
09:53:09,+1.69,0
09:53:09,+1.70,0
09:53:09,+1.70,0
09:53:09,+1.68,0
09:53:10,+1.66,0
09:53:10,+1.67,0
09:53:10,+1.69,0
09:53:10,+1.66,0
09:53:10,+1.69,0
09:53:10,+1.66,0
09:53:10,+1.67,0
09:53:10,+1.71,0
09:53:10,+1.67,0
09:53:10,+1.70,0
09:53:10,+1.70,0
09:53:10,+1.69,0
09:53:10,+1.70,0
09:53:10,+1.65,0
09:53:10,+1.68,0
09:53:10,+1.70,0
09:53:10,+1.66,0
09:53:10,+1.66,0
09:53:10,+1.69,0
09:53:10,+1.66,0
09:53:11,+1.69,0
09:53:11,+1.68,0
09:53:11,+1.68,0
09:53:11,+1.71,0
09:53:11,+1.68,0
09:53:11,+1.66,0
09:53:11,+1.69,0
09:53:11,+1.66,0
09:53:11,+1.69,0
09:53:11,+1.70,0
09:53:11,+1.67,0
09:53:11,+1.72,0
09:53:11,+1.70,0
09:53:11,+1.69,0
09:53:11,+1.71,0
09:53:11,+1.67,0
09:53:11,+1.67,0
09:53:11,+1.69,0
09:53:11,+1.68,0
09:53:11,+1.68,0
09:53:11,+1.70,0
09:53:12,+1.67,0
09:53:12,+1.71,0
09:53:12,+1.69,0
09:53:12,+1.66,0
09:53:12,+1.67,0
09:53:12,+1.67,0
09:53:12,+1.68,0
09:53:12,+1.65,0
09:53:12,+1.64,0
09:53:12,+1.69,0
09:53:12,+1.70,0
09:53:12,+1.65,0
09:53:12,+1.69,0
09:53:12,+1.69,0
09:53:12,+1.70,0
09:53:12,+1.70,0
09:53:12,+1.66,0
09:53:12,+1.67,0
09:53:12,+1.64,0
09:53:12,+1.64,0
09:53:13,+1.68,0
09:53:13,+1.69,0
09:53:13,+1.67,0
09:53:13,+1.68,0
09:53:13,+1.67,0
09:53:13,+1.66,0
09:53:13,+1.67,0
09:53:13,+1.67,0
09:53:13,+1.69,0
09:53:13,+1.68,0
09:53:13,+1.65,0
09:53:13,+1.67,0
09:53:13,+1.66,0
09:53:13,+1.66,0
09:53:13,+1.69,0
09:53:13,+1.66,0
09:53:13,+1.67,0
09:53:13,+1.66,0
09:53:13,+1.66,0
09:53:13,+1.66,0
09:53:13,+1.63,0
09:53:14,+1.64,0
09:53:14,+1.66,0
09:53:14,+1.68,0
09:53:14,+1.67,0
